index,query,response,path,doc_count,confidence,reflection_triggered,low_confidence
1,What documentation needs to be provided for off site storage of materials?,"For off-site storage of materials, you typically need to provide documentation that includes a detailed inventory of the materials, proof of insurance, and a storage agreement or lease that outlines the terms and conditions of the storage. Additionally, you may need to provide evidence of security measures in place at the storage location and any relevant permits or approvals required by local authorities.

I'm specialized in regulatory topics like FAR, DFARS, EM385, and OSHA, so if you have questions related to government acquisition and construction regulations, I can provide more detailed, citation-backed answers.",other,0,,no,no
2,What bases are within Navy Region NW?,"Navy Region Northwest includes several key installations such as Naval Base Kitsap, Naval Air Station Whidbey Island, and Naval Station Everett. These bases support a variety of naval operations and provide facilities for submarines, aircraft, and surface ships.

I'm specialized in regulatory topics like FAR, DFARS, EM385, and OSHA. If you have questions in those areas, I can provide more detailed and accurate information.",other,0,,no,no
3,Who is the founder of GovGig?,"I'm sorry, I don't have information on the founder of GovGig. You might want to check their official website or LinkedIn for details about their leadership team. 

I'm specialized in government acquisition and construction regulations like FAR, DFARS, EM385, and OSHA. If you have questions on those topics, I'd be happy to help with detailed, accurate information.",other,0,,no,no
4,What did the GAO state on the status of the nation's four major naval shipyards?,"The Government Accountability Office (GAO) has reported on various challenges faced by the nation's four major naval shipyards, including issues related to aging infrastructure, workforce shortages, and the need for modernization to meet current and future demands. These shipyards are crucial for maintaining and repairing the Navy's fleet, and the GAO has emphasized the importance of strategic investment to ensure their efficiency and effectiveness.

If you have questions about government acquisition or construction regulations like FAR, DFARS, EM385, or OSHA, feel free to ask! I can provide more detailed, citation-backed information on those topics.",other,0,,no,no
5,Provide me with detailed history of Puget Sound Naval Shipyard.,"Puget Sound Naval Shipyard, located in Bremerton, Washington, was established in 1891 as a naval station and has since evolved into a major shipyard for the U.S. Navy. It played a significant role during both World Wars, serving as a repair and maintenance facility for naval vessels. Over the years, the shipyard has expanded its capabilities to include nuclear-powered vessel maintenance and decommissioning. Today, it remains a vital part of the Navy's infrastructure, supporting fleet readiness and modernization.

I'm specialized in regulatory topics like FAR, DFARS, EM385, and OSHA. If you have questions related to those areas, I can provide more detailed and accurate information.",other,0,,no,no
6,"List the core Federal Acquisition Regulations, construction clauses, safety and labor compliance documents, federal design standards, contract administration guides, forms, and dispute references used in federal construction.","Our system is still expanding its coverage here. Where it's critical, we recommend confirming with your contract or CO.

**Steps to take:**

1. **Review Federal Acquisition Regulations (FAR):** The FAR is the primary regulation for use by all federal executive agencies in their acquisition of supplies and services. Key sections include:
   - FAR Part 15: Contracting by Negotiation, which includes the Uniform Contract Format (FAR 15.204-2).
   - FAR 52.222-34: Project Labor Agreement, which outlines labor agreements for construction projects.

2. **Consult Defense Federal Acquisition Regulation Supplement (DFARS):** DFARS provides DoD-specific acquisition regulations. Relevant sections include:
   - DFARS 222.402-70: Installation support contracts, which addresses labor standards for contracts involving construction work.
   - DFARS 244.403: Contract clause for subcontracts for commercial products and services.

3. **Examine Safety and Labor Compliance Documents:** These documents ensure compliance with safety and labor standards on federal construction projects. Relevant clauses include:
   - FAR 52.222-34: Project Labor Agreement, which involves labor organization agreements.
   - DFARS 222.402-70: Installation support contracts, which apply labor standards statutes.

4. **Identify Federal Design Standards:** These standards are typically specified in the contract documents or by the Contracting Officer. They are not explicitly detailed in the retrieved documents.

5. **Utilize Contract Administration Guides:** FAR 42.202 outlines the assignment of contract administration, detailing delegation of functions and responsibilities.

6. **Access Forms and Dispute References:** These are often specific to the contract and agency. The FAR and DFARS provide general guidance, but specific forms and dispute resolution procedures should be checked in the contract or with the Contracting Officer.

For contract-specific decisions, consult the contract and/or legal counsel.",regulation_search,5,0.4,no,yes
7,We are building a barracks project at Camp Pendleton and have uncovered unexploded ordnance. What should we do and write a serial letter notifying the contracting officer including FAR clauses for excusable delay and differing site conditions.,"**Date:** March 14, 2026  
**To:** Contracting Officer  
**From:** [Your Company Name]  
**Subject:** Notification of Differing Site Conditions and Request for Excusable Delay - Barracks Project at Camp Pendleton  

---

**Body:**

Dear [Contracting Officer's Name],

We are writing to formally notify you of a differing site condition encountered during the construction of the barracks project at Camp Pendleton. On [date of discovery], our team uncovered unexploded ordnance at the project site. This condition was not indicated in the contract documents and differs materially from the conditions we anticipated based on our site investigation.

In accordance with FAR 52.236-2, Differing Site Conditions, we are providing this written notice promptly and before disturbing the conditions further. The presence of unexploded ordnance constitutes a subsurface physical condition that differs materially from those indicated in the contract and is of an unusual nature, not ordinarily encountered in work of this character (FAR 52.236-2(a)).

We request that you investigate the site conditions promptly. Should these conditions materially affect the cost or time required for the performance of the work, we will seek an equitable adjustment to the contract as provided under FAR 52.236-2(b).

Additionally, due to the unforeseen nature of this discovery, we anticipate potential delays in the project timeline. We request consideration for an excusable delay under FAR 52.242-17, Government Delay of Work, which provides for the administrative settlement of contractor claims arising from delays caused by acts or failures to act by the contracting officer.

We are committed to ensuring the safety of all personnel and the timely completion of the project. Please advise on the next steps and any additional information or actions required from our side.

Thank you for your attention to this matter. We look forward to your prompt response.

**Closing:**

Sincerely,

[Your Name]  
[Your Position]  
[Your Company Name]  
[Contact Information]

**Disclaimer:** Draft for reference only; tailor to your situation and consult your contract and legal/CO as needed.",regulation_search,5,0.7612903225806452,no,no
8,Is the document generator working yet?,"I'm not sure about the status of the document generator, but you might want to check with your IT department or the support team for the software you're using. They should be able to provide the most accurate and up-to-date information.

I'm specialized in regulatory topics like FAR, DFARS, EM385, and OSHA. If you have questions related to those areas, I can offer more detailed and accurate assistance.",other,0,,no,no
9,Why is the document generator still under construction?,"The document generator might still be under construction due to ongoing development to enhance its features, fix bugs, or improve user experience. Software development can be complex and may require additional time to ensure the final product meets quality standards and user needs.

I'm specialized in regulatory topics like FAR, DFARS, EM385, and OSHA. If you have questions about those areas, I can provide more detailed, citation-backed answers.",other,0,,no,no
10,Review the FAR or DFARS clauses and identify risks related to construction scheduling.,"Our system is still expanding its coverage here. Where it's critical, we recommend confirming with your contract or CO.

**Key Requirements:**

- **Schedule Submission**: Contractors must prepare and submit a practicable schedule to the Contracting Officer within five days after work commences, or within another period determined by the Contracting Officer. This schedule should outline the order of work and anticipated start and completion dates for key project features (FAR 52.236-15(a)).
- **Progress Chart**: The schedule must be in the form of a progress chart that indicates the percentage of work scheduled for completion by any given date. This allows for tracking and managing project timelines effectively (FAR 52.236-15(a)).
- **Progress Updates**: Contractors are required to update the progress chart as directed by the Contracting Officer and deliver updated copies. This ensures ongoing communication and alignment with project timelines (FAR 52.236-15(b)).
- **Withholding of Payments**: If a contractor fails to submit the required schedule within the prescribed time, the Contracting Officer may withhold approval of progress payments, which can impact cash flow and project funding (FAR 52.236-15(a)).

**Applicability:**

- These requirements apply to construction contracts that include the clause FAR 52.236-15, typically inserted as prescribed in FAR 36.515. The specific applicability will depend on the contract terms and the Contracting Officer's determinations.

**Practical Note:**

- Ensure timely submission and regular updates of construction schedules to avoid payment delays and maintain project momentum. Regular communication with the Contracting Officer is crucial to address any scheduling issues proactively.",regulation_search,5,0.6599999999999999,no,yes
11,What is a concurrent delay?,"Our system is still expanding its coverage here. Where it's critical, we recommend confirming with your contract or CO.

**Key Requirements**:
- The retrieved documents do not directly define ""concurrent delay."" However, in general contracting terms, a concurrent delay occurs when two or more delays happen at the same time, and each independently affects the project timeline. This can involve delays caused by both the contractor and the government or other third parties.
- FAR 52.242-17 addresses government-caused delays, specifying that adjustments can be made for delays caused by the Contracting Officer's actions or inactions, but it does not explicitly cover concurrent delays involving multiple parties.

**Applicability**:
- The concept of concurrent delay is relevant in contracts where both parties may contribute to delays, potentially affecting claims for time extensions or cost adjustments.

**Practical Note**:
- For specific guidance on handling concurrent delays, review your contract terms and consult with the Contracting Officer to understand how such situations are managed under your specific contract.",regulation_search,5,0.683954907540312,no,yes
12,"As a Project Manager, analyze the commissioning requirements during the pre-award phase of a federal construction project and recommend actions to ensure compliance with contract requirements.","Our system is still expanding its coverage here. Where it's critical, we recommend confirming with your contract or CO.

**Key Requirements:**

1. **Design Within Funding Limitations**: Ensure that the design services are accomplished within the funding limitations specified in the contract. If bids exceed the estimated price, redesign may be necessary without additional cost to the government unless conditions beyond control are present (FAR 52.236-22).

2. **Preaward Compliance Evaluation**: For contracts of $10 million or more, a preaward on-site equal opportunity compliance evaluation by the Office of Federal Contract Compliance Programs (OFCCP) may be required. Ensure that both the contractor and first-tier subcontractors are prepared for this evaluation (FAR 52.222-24).

3. **Labor Standards**: If the project involves installation support contracts with substantial construction work, ensure compliance with both the Service Contract Labor Standards and Construction Wage Rate Requirements statutes. This applies if the construction work exceeds $2,000 (DFARS 222.402-70).

**Applicability:**

- **Funding Limitations**: Applies to contracts where design services are required and funding limitations are specified.
- **Compliance Evaluation**: Relevant for contracts and subcontracts of $10 million or more.
- **Labor Standards**: Applicable to contracts involving both service and construction work exceeding $2,000.

**Practical Note:**

- **Contract Review**: Thoroughly review the contract and consult with the Contracting Officer to understand specific commissioning requirements and ensure compliance with all pre-award obligations. This includes preparing for potential compliance evaluations and adhering to labor standards.",regulation_search,9,0.46666666666666656,yes,yes
13,"As a Project Manager, analyze the punchlist requirements during the pre-award phase of a federal construction project and recommend actions to ensure compliance with contract requirements.","Our system is still expanding its coverage here. Where it's critical, we recommend confirming with your contract or CO.

**Key Requirements:**

- **Punchlist Definition and Timing**: The punchlist, typically a list of items needing completion or correction before final acceptance, is not explicitly addressed in the pre-award phase by the retrieved documents. Punchlist requirements are generally detailed in the contract documents and are part of the project closeout process, not the pre-award phase.
  
- **Site Visit Considerations**: FAR 52.236-27 mentions site visits, which are crucial during the pre-award phase to understand project requirements and constraints. Ensure that all potential issues that could affect the punchlist are identified during these visits.

- **Design and Funding Limitations**: FAR 52.236-22 requires that design services be accomplished within funding limitations. Ensure that the design phase considers potential punchlist items to avoid exceeding budget constraints.

- **Labor Standards Compliance**: Ensure compliance with labor standards as per FAR 52.222-6 and related clauses, which may affect subcontractor performance and subsequently the punchlist items.

**Applicability:**

- **Contract Type**: The requirements for site visits and design within funding limitations apply to construction contracts. Labor standards clauses apply to contracts involving construction, alteration, or repair work.

- **Dollar Thresholds**: The Construction Wage Rate Requirements apply to contracts exceeding $2,000 (DFARS 222.402-70).

**Practical Note:**

- **Consult the Contracting Officer**: Since specific punchlist requirements are not detailed in the retrieved documents, it is essential to review the contract documents and consult with the Contracting Officer for any project-specific punchlist requirements and compliance actions.",regulation_search,9,0.4910746812386157,yes,yes
14,Write a delay letter to NAVFAC regarding an outage disapproval and the delay including the default FAR clause.,"**Date:** March 14, 2026

**To:** Contracting Officer, NAVFAC

**From:** [Your Company Name]

**Subject:** Notification of Delay Due to Outage Disapproval

---

Dear [Contracting Officer's Name],

I am writing to formally notify you of a delay in the performance of our contract [Contract Number] due to the disapproval of a planned outage. This unforeseen event has impacted our ability to proceed with the scheduled work as outlined in the contract.

**Situation/Context:**

On [Date], we submitted a request for a planned outage necessary for the continuation of our work under the contract. Unfortunately, this request was disapproved, resulting in a delay in our project timeline. The delay is beyond our control and without any fault or negligence on our part.

**Applicable FAR Clauses:**

According to FAR 52.242-17, ""Government Delay of Work,"" if the performance of any part of the work is delayed or interrupted by an act of the Contracting Officer that is not authorized by the contract, or by a failure of the Contracting Officer to act within a specified or reasonable time, an adjustment shall be made for any increase in the cost of performance caused by the delay or interruption. This clause also allows for adjustments in delivery or performance dates affected by such delays (FAR 52.242-17).

Additionally, FAR 52.249-14, ""Excusable Delays,"" states that the Contractor shall not be in default for failure to perform if the failure arises from causes beyond the control and without the fault or negligence of the Contractor, including acts of the Government in its contractual capacity (FAR 52.249-14).

**Request/Action:**

In light of the above, we respectfully request an equitable adjustment to the contract terms, including an extension of the performance schedule and consideration for any additional costs incurred due to this delay. We are committed to resuming work promptly upon resolution of the outage issue and will continue to keep you informed of any developments.

Please let us know if there are any additional steps we should take or if further documentation is required to process this request.

Thank you for your attention to this matter. We look forward to your prompt response to facilitate the continuation of our project.

Sincerely,

[Your Name]  
[Your Position]  
[Your Company Name]  
[Contact Information]

---

Draft for reference only; tailor to your situation and consult your contract and legal/CO as needed.",regulation_search,5,0.66,no,no
15,Why would a general contractor submit an REA and not a change order to the government?,"Our system is still expanding its coverage here. Where it's critical, we recommend confirming with your contract or CO.

**Recommended steps:**

1. **Understand the Purpose of an REA:** A Request for Equitable Adjustment (REA) is typically submitted when a contractor believes they are entitled to an adjustment in the contract terms due to changes that affect the cost or time of performance. This is distinct from a change order, which is a formal modification to the contract terms agreed upon by both parties (DFARS 252.243-7002).

2. **Identify the Basis for the REA:** Determine if the situation involves conditions such as differing site conditions, government-directed changes, or other unforeseen circumstances that materially affect the contract. For example, differing site conditions can warrant an equitable adjustment (FAR 52.236-2).

3. **Prepare the REA Documentation:** Ensure that the REA accurately reflects the contract adjustment sought, including all costs associated with the change. The REA should not include costs already reimbursed or separately claimed (DFARS 252.243-7002(a)).

4. **Certify the REA:** If the REA exceeds the simplified acquisition threshold, it must be certified by an authorized individual, confirming that the request is made in good faith and that the supporting data are accurate and complete (DFARS 252.243-7002(b)).

5. **Submit the REA to the Contracting Officer:** Provide the REA with all supporting documentation to the Contracting Officer for review and negotiation. This step is crucial for initiating discussions on the equitable adjustment.

6. **Await Government Response:** The Contracting Officer will review the REA and respond, potentially leading to negotiations or further documentation requests (FAR 52.236-2(b)).

For contract-specific decisions, consult the contract and/or legal counsel.",regulation_search,9,0.6688638375223955,yes,yes
16,What is the difference between a change order and an REA?,"Our system is still expanding its coverage here. Where it's critical, we recommend confirming with your contract or CO.

**Key Requirements:**

- **Change Order**: A change order is a formal modification to a contract issued by the Contracting Officer. It directs the contractor to make a change to the work within the general scope of the contract. Change orders can be priced or unpriced at the time they are issued. Unpriced change orders require subsequent definitization, which involves agreeing on the terms, specifications, and price after the work has begun (DFARS 243.204-70, 243.205-72).

- **Request for Equitable Adjustment (REA)**: An REA is a request submitted by the contractor seeking an adjustment to the contract terms, typically due to changes that impact the cost or time required to perform the contract. The contractor must provide a detailed justification and certification that the request is made in good faith and that the supporting data are accurate (DFARS 252.243-7002).

**Applicability:**

- **Change Orders**: Typically initiated by the government and applicable to contracts where changes are necessary within the scope of the contract. They can be issued for various reasons, including engineering changes or unforeseen conditions.

- **REAs**: Initiated by the contractor when they believe they are entitled to an adjustment due to changes or unforeseen conditions not covered by a change order. Applicable to any contract where the contractor incurs additional costs or delays due to government actions or other factors.

**Practical Note:**

- Contractors should carefully document any changes or conditions that may warrant an REA and ensure that all submissions are complete and accurate to facilitate timely resolution. For change orders, contractors should track any unpriced orders to ensure they are definitized promptly to avoid cash flow issues. Always consult with the Contracting Officer for guidance specific to your contract situation.",regulation_search,9,0.6362359715611964,yes,yes
17,"If there is a safety incident, what does the government need from the general contractor?","Our system is still expanding its coverage here. Where it's critical, we recommend confirming with your contract or CO.

**Recommended steps:**

1. **Notify** the Contracting Officer immediately about the safety incident. While the retrieved documents do not specify this requirement, it is a standard procedure to ensure the government is informed promptly.

2. **Document** the incident thoroughly, including the circumstances, any injuries or damages, and the immediate actions taken. This documentation will be crucial for any subsequent reporting or investigation.

3. **Submit** a formal incident report to the Contracting Officer. This report should include all relevant details and any initial findings from your internal investigation. Although specific reporting requirements are not detailed in the retrieved documents, this is a typical contractual obligation.

4. **Review** and ensure compliance with any specific safety and reporting requirements outlined in your contract or as directed by the Contracting Officer. This may include adherence to EM 385-1-1 safety standards if applicable to your contract.

5. **Implement** corrective actions to prevent future incidents, as may be required by the Contracting Officer or specified in your contract. This step is crucial to demonstrate proactive management and compliance with safety regulations.

6. **Coordinate** with the Contracting Officer for any further investigations or follow-up actions required by the government.

For contract-specific decisions, consult the contract and/or legal counsel.",regulation_search,5,0.48,no,yes
18,How do I calculate my daily rate?,"Our system is still expanding its coverage here. Where it's critical, we recommend confirming with your contract or CO.

**Steps to take:**

1. **Review** your contract to determine the basis for your compensation. The contract should specify whether you are paid on an hourly, daily, or other basis, and any applicable rates or formulas for calculating your pay.

2. **Identify** any applicable wage determinations or classifications if your work is subject to specific labor standards or wage determinations, such as those under the Davis-Bacon Act or Service Contract Act. These may influence the rate you should use (FAR 52.222-6).

3. **Calculate** your daily rate by dividing your annual salary or total contract value by the number of workdays or hours specified in your contract. If your contract specifies an hourly rate, multiply this by the number of hours you work in a day.

4. **Include** any additional compensation elements specified in your contract, such as fringe benefits, overtime, or bonuses, if applicable.

5. **Consult** with your Contracting Officer or legal counsel if you need clarification on specific contract terms or if your contract does not clearly specify how to calculate your daily rate.

For contract-specific decisions, consult the contract and/or legal counsel.",regulation_search,9,0.7183967125444298,yes,yes
19,My prime contractor is not paying me. What can I do?,"Our system is still expanding its coverage here. Where it's critical, we recommend confirming with your contract or CO.

**Recommended steps:**

1. **Review the Contract:** Check your subcontract for any specific clauses related to payment terms, dispute resolution, and remedies for non-payment. Ensure you understand the terms agreed upon regarding payment schedules and conditions.

2. **Notify the Prime Contractor:** Formally notify the prime contractor in writing about the non-payment issue. Include details such as the amount due, the due date, and any previous communications regarding the payment.

3. **Invoke the Disputes Clause:** If the issue is not resolved through direct communication, consider invoking the disputes clause in your subcontract. This may involve mediation, arbitration, or litigation, depending on what is specified in your contract. The FAR 52.233-1 Disputes clause may be relevant if incorporated into your subcontract, as it outlines procedures for resolving disputes (FAR 52.233-1).

4. **Consult the Contracting Officer:** If the dispute involves compliance with federal contract requirements, you may notify the Contracting Officer overseeing the prime contract. They may provide guidance or facilitate communication with the prime contractor.

5. **Consider Legal Action:** If the issue remains unresolved, consider seeking legal advice to explore options such as filing a claim under the Miller Act, if applicable, which provides protection for subcontractors on federal construction projects.

For contract-specific decisions, consult the contract and/or legal counsel.",regulation_search,9,0.6437389770723104,yes,yes
20,Draft a letter to the contracting officer regarding FAR 52.242-5 stating that the prime contractor is not paying.,"**Date:** March 14, 2026

**To:** [Contracting Officer's Name]  
[Contracting Officer's Address]  
[City, State, ZIP Code]

**From:** [Your Name]  
[Your Position]  
[Your Company's Name]  
[Your Company's Address]  
[City, State, ZIP Code]

**Subject:** Notification of Payment Issues with Small Business Subcontractor under FAR 52.242-5

---

Dear [Contracting Officer's Name],

I am writing to formally notify you of a payment issue concerning our small business subcontractor, as required under FAR 52.242-5, ""Payments to Small Business Subcontractors.""

**Situation/Context:**

Our company, [Your Company's Name], is the prime contractor for [Project/Contract Name or Number]. According to the terms and conditions of our subcontract with [Subcontractor's Name], the subcontractor was entitled to receive payment for services rendered on [specific date or period]. However, we have encountered a situation where the payment has not been made within the agreed timeframe, resulting in an untimely payment.

**Applicable FAR Clause:**

As per FAR 52.242-5(b), we are obligated to notify you in writing not later than 14 days after the subcontractor was entitled to payment and we have either made a reduced or untimely payment, or failed to make a payment, which is now untimely.

**Request/Action:**

We kindly request your guidance on how to proceed with resolving this payment issue. We are committed to ensuring compliance with all contractual obligations and maintaining a good working relationship with our subcontractors. Your assistance in addressing this matter promptly would be greatly appreciated.

Please let us know if any further information or documentation is required to facilitate the resolution of this issue.

Thank you for your attention to this matter.

Sincerely,

[Your Name]  
[Your Position]  
[Your Company's Name]  
[Your Contact Information]

---

Draft for reference only; tailor to your situation and consult your contract and legal/CO as needed.",clause_lookup,1,1.0,no,no
21,What should I verify regarding bonding requirements after contract award?,"**Recommended steps:**

1. **Review** the contract for specific bonding requirements that were included at the time of award. Bonding requirements are typically specified in the contract itself, including the types of bonds required (e.g., performance bonds, payment bonds) and their amounts.

2. **Check** for any clauses related to bonds in the contract, such as DFARS 252.217-7008, which may outline specific bonding requirements applicable to your contract.

3. **Verify** compliance with any bonding requirements by ensuring that the bonds are in place and meet the specified conditions, such as the bond amount and the surety's qualifications.

4. **Notify** the Contracting Officer if there are any discrepancies or issues with the bonding requirements, such as if the bonds do not meet the contract specifications or if there are changes in the project scope that might affect bonding.

5. **Maintain** documentation of all bonding-related communications and submissions to ensure compliance and for future reference.

For contract-specific decisions, consult the contract and/or legal counsel.",regulation_search,5,0.8478893337698203,no,no
22,"If the contracting officer and I do not agree on the legitimacy of a change order, what are the next steps?","Our system is still expanding its coverage here. Where it's critical, we recommend confirming with your contract or CO.

**Recommended steps:**

1. **Notify** the Contracting Officer in writing of your disagreement with the change order. Clearly state your position and provide any supporting documentation or rationale for your stance.

2. **Request** a formal determination from the Contracting Officer regarding the change order. This should include a detailed explanation of their position and any relevant contractual clauses or regulations they are relying on (DFARS 242.705-1).

3. **Respond** to the Contracting Officer's determination if it is not in your favor. You may need to provide additional information or clarification to support your position. Ensure your response is timely, typically within 30 days if a specific timeline is provided (DFARS 242.705-1(ii)(B)(2)).

4. **Evaluate** the Contracting Officer's final determination. If the determination is still not in your favor, consider your options for further action, such as submitting a Request for Equitable Adjustment (REA) or filing a claim under the Disputes clause of the contract.

5. **Consult** with legal counsel or a contract specialist to explore further dispute resolution options, such as mediation or arbitration, if the disagreement persists after exhausting administrative remedies.

For contract-specific decisions, consult the contract and/or legal counsel.",regulation_search,5,0.62,no,yes
23,How do you appeal an unsatisfactory CPARS?,"Our system is still expanding its coverage here. Where it's critical, we recommend confirming with your contract or CO.

**Recommended steps:**

1. **Review** the CPARS evaluation to understand the specific areas of dissatisfaction. Ensure you have a clear understanding of the ratings and comments provided.

2. **Notify** the Assessing Official (AO) or the Reviewing Official (RO) in writing of your intention to appeal the CPARS rating. Clearly state the reasons for your disagreement with the evaluation and provide any supporting documentation or evidence that may justify a revision.

3. **Request** a meeting or discussion with the AO or RO to present your case and discuss the evaluation. This can often lead to a resolution without the need for formal appeal procedures.

4. **Submit** a formal appeal if the issue is not resolved through initial discussions. While the retrieved documents do not specify the exact procedure for appealing a CPARS rating, typically, you would submit your appeal to the next level of authority within the agency, such as the Reviewing Official or the Contracting Officer.

5. **Prepare** an appeal file if necessary, similar to the process outlined in DFARS 201-253, Rule 4. Include all relevant documents, correspondence, and evidence that support your case.

6. **Consider** utilizing optional procedures such as the Small Claims (Expedited) or Accelerated Procedures if applicable, especially if the dispute involves financial implications (DFARS 201-253, Rule 12).

For contract-specific decisions, consult the contract and/or legal counsel.",regulation_search,5,0.5839344262295082,no,yes
24,What documents do I need for a novation agreement?,"Our system is still expanding its coverage here. Where it's critical, we recommend confirming with your contract or CO.

**Recommended steps:**

1. **Notify** the Contracting Officer (CO) of the proposed novation agreement. This is essential as the CO must be involved in the novation process.

2. **Prepare** a novation agreement package. While the retrieved documents do not specify the exact contents, typically, this package should include:
   - The proposed novation agreement itself.
   - A letter from the transferor (current contractor) requesting the novation.
   - A letter from the transferee (new contractor) accepting the novation.
   - A letter from the surety, if applicable, agreeing to the novation.
   - Evidence of the transferee's capability to perform the contract.
   - Any other relevant legal documents, such as merger or acquisition agreements.

3. **Submit** the novation agreement package to the CO for review and approval. Ensure that all documents are complete and accurately reflect the terms of the novation.

4. **Coordinate** with the CO to address any questions or additional requirements they may have. The CO may request further documentation or clarification before approving the novation.

5. **Finalize** the novation agreement once the CO has reviewed and approved it. Ensure all parties sign the final agreement.

For contract-specific decisions, consult the contract and/or legal counsel.",regulation_search,9,0.7222222222222222,yes,yes
25,What contract clauses should I review before project mobilization?,"Our system is still expanding its coverage here. Where it's critical, we recommend confirming with your contract or CO.

**Key Requirements:**

- **Commencement/Delivery**: Review clauses related to the start of work and delivery schedules. While specific clauses are not retrieved here, typically FAR 52.211-10 addresses commencement, completion, and delivery dates, which are critical for mobilization planning.

- **Payments**: FAR 52.232-10 outlines payment procedures under Fixed-Price Architect-Engineer Contracts, including monthly estimates and potential withholdings (FAR 52.232-10(a)-(b)). Understanding payment terms is crucial for cash flow management during mobilization.

- **Changes**: Familiarize yourself with clauses that allow for contract modifications, such as FAR 52.243-1, which typically governs changes to the scope of work. This is important for anticipating and managing changes during mobilization.

- **Suspension**: Be aware of clauses that address the suspension of work, such as FAR 52.242-14. This clause allows the Contracting Officer to suspend work, which can impact mobilization timelines.

- **Termination/Default**: Review clauses related to default and termination, such as those mentioned in the retrieved documents regarding the Default clause. These clauses outline the consequences of termination and the contractor's obligations, which are critical to understand before mobilization (FAR 52.249-8).

**Applicability:**

- These clauses generally apply to contractors engaged in federal projects and are relevant to the specific contract type (e.g., Fixed-Price Architect-Engineer Contracts).

**Practical Note:**

- Before mobilization, ensure you have a clear understanding of the specific terms and conditions outlined in your contract, particularly those related to commencement, payments, and potential changes. Consult your Contracting Officer for any clarifications or additional requirements specific to your contract.",regulation_search,4,0.425,no,yes
26,Are professional services to help with REAs allowable costs?,"**Key Requirements**:
- The FAR does not explicitly address the allowability of costs for professional services specifically related to Requests for Equitable Adjustments (REAs). However, general principles of cost allowability under FAR Part 31 apply.
- Costs must be necessary and reasonable for the performance of the contract (FAR 31.201-2(a)). This includes ensuring that costs are allocable, allowable, and reasonable.
- Professional services costs, such as legal or consulting fees, are generally allowable if they meet the criteria of reasonableness, allocability, and are not expressly unallowable under other FAR provisions (FAR 31.205-33).

**Applicability**:
- These principles apply to contracts subject to the cost principles of FAR Part 31, typically cost-reimbursement contracts or contracts that require cost analysis.

**Practical Note**:
- Ensure that any professional services costs related to REAs are documented as necessary and reasonable for contract performance. Consult with the Contracting Officer to confirm allowability and address any specific contract terms that might affect these costs.",regulation_search,5,0.8504494976203067,no,no
27,"As a Project Executive, analyze the RFI requirements during the pre-award phase of a federal construction project and recommend actions to ensure compliance with contract requirements.","**Date:** March 14, 2026

**To:** Contracting Officer

**From:** [Your Name], Project Executive

**Subject:** Analysis and Recommendations for RFI Requirements in Pre-Award Phase of Federal Construction Project

---

**Body:**

I am writing to provide an analysis of the Request for Information (RFI) requirements during the pre-award phase of our federal construction project and to recommend actions to ensure compliance with contract requirements.

**Situation/Context:**

During the pre-award phase of federal construction projects, it is crucial to ensure that all RFI requirements are thoroughly understood and addressed to facilitate a smooth acquisition process. The Federal Acquisition Regulation (FAR) provides guidance on the use of Requests for Proposals (RFPs) and the importance of early exchanges of information to resolve potential concerns regarding acquisition strategies and requirements.

**Applicable Regulations:**

1. **Requests for Proposals (RFPs):** According to FAR 15.203, RFPs are used in negotiated acquisitions to communicate government requirements to prospective contractors and solicit proposals. It is essential that RFPs for competitive acquisitions clearly describe the government’s requirement (FAR 15.203(a)(1)).

2. **Early Exchanges of Information:** FAR encourages early exchanges of information among industry participants, including the program manager and contracting officer, to identify and resolve concerns regarding acquisition strategies, contract terms, and feasibility of requirements (FAR 15.203(c)). Techniques such as industry conferences, public hearings, and one-on-one meetings with potential offerors are recommended to promote these exchanges.

**Recommendations:**

1. **Conduct Early Information Exchanges:** Organize industry conferences or one-on-one meetings with potential offerors to discuss the project requirements and address any concerns related to the acquisition strategy, contract terms, and performance requirements. Ensure the contracting officer is involved in discussions that may impact contract terms and conditions.

2. **Clarify RFP Requirements:** Review the RFP to ensure it clearly communicates the government’s requirements and includes comprehensive proposal instructions and evaluation criteria. This will help in minimizing ambiguities and potential misunderstandings during the proposal evaluation phase.

3. **Monitor Compliance with Design and Funding Limitations:** If applicable, ensure compliance with the ""Design Within Funding Limitations"" clause (FAR 52.236-22) by promptly advising the contracting officer if the project design is likely to exceed funding limitations. This proactive approach will help in managing expectations and avoiding redesign costs.

By implementing these recommendations, we can enhance our compliance with RFI requirements and facilitate a more efficient pre-award process for the federal construction project.

**Closing:**

Please feel free to contact me if you require further clarification or additional information on the proposed actions.

Sincerely,

[Your Name]  
Project Executive

**Disclaimer:** Draft for reference only; tailor to your situation and consult your contract and legal/CO as needed.",regulation_search,5,0.5599999999999999,no,no
28,Can I appeal my CPARS rating?,"**Recommended steps:**

1. **Review** the CPARS rating and the evaluation narrative provided by the Government to understand the basis of the rating.

2. **Prepare** a response or rebuttal if you believe the rating is unjustified or contains factual inaccuracies. Include supporting documentation or evidence that counters the evaluation.

3. **Submit** your response to the Contracting Officer (CO) within the timeframe specified in your contract or as soon as possible. While the FAR does not specify a formal appeal process for CPARS, engaging with the CO is a critical step.

4. **Request** a meeting with the CO to discuss your concerns and provide additional context or clarification regarding your performance.

5. **Consult** with legal counsel or a contracting expert if the issue is not resolved to your satisfaction, as they can advise on further actions, such as escalating the issue within the agency or seeking other remedies.

For contract-specific decisions, consult the contract and/or legal counsel.",regulation_search,5,0.8078893337698203,no,no
29,What should I prepare for the government preconstruction conference?,"**Key Requirements**:
1. **Safety and Accident Prevention**: Ensure you have a comprehensive safety plan in place. This includes providing appropriate safety barricades, signs, and signal lights, and complying with OSHA standards (29 CFR Part 1926 and 29 CFR Part 1910) as required by FAR 52.236-13. This clause mandates that contractors maintain safe work environments to protect the public and government personnel.
   
2. **Formwork and Shoring Plans**: If your project involves formwork other than slab on grade, prepare an erection and removal plan for formwork and shoring. This plan must include a detailed description of work, anticipated hazards, control measures, and procedures for material handling and concrete strength assessment (EM385 27-7.a).

3. **Precast Concrete Plan**: If your project involves precast concrete, ensure you have a precast concrete plan ready before erection begins. This is a requirement under EM385 and should be submitted for approval or acceptance by the appropriate authority.

4. **Compliance with USACE Safety Standards**: For contracts involving the Department of Defense, comply with all pertinent provisions of the latest version of U.S. Army Corps of Engineers safety and health requirements (FAR 52.236-13(c)).

**Applicability**:
- These requirements apply to construction contracts, particularly those involving the Department of Defense or any other federal agency that incorporates these clauses.
- The safety and accident prevention measures are applicable to all construction, dismantling, demolition, or removal of improvements contracts.

**Practical Note**:
- Review your contract and consult with the Contracting Officer (CO) to ensure all specific project requirements and any additional measures are identified and prepared for the preconstruction conference. This will help in addressing any project-specific concerns and ensuring compliance with all regulatory requirements.",regulation_search,5,0.7852247488101533,no,no
30,What certification do I need to put on my REA?,"Our system is still expanding its coverage here. Where it's critical, we recommend confirming with your contract or CO.

**Key Requirements:**
- The retrieved documents do not explicitly address the certification required for a Request for Equitable Adjustment (REA). Typically, an REA does not require a specific certification form like those mentioned in the retrieved documents.
- Generally, an REA should be accompanied by a certification that the request is made in good faith, the supporting data are accurate and complete to the best of the contractor's knowledge, and the amount requested accurately reflects the contract adjustment for which the contractor believes the government is liable.

**Applicability:**
- The certification requirement for an REA is typically specified in the contract itself or by the Contracting Officer. It is important to review the specific contract terms and consult with the Contracting Officer for any unique requirements.

**Practical Note:**
- To ensure compliance, review your contract for any specific certification language required for REAs and consult with the Contracting Officer to confirm the appropriate certification format and content.",regulation_search,5,0.48,no,yes
31,Add the FAR default clause to a letter and include DFARS clause 252.236-7000.,"Our system is still expanding its coverage here. Where it's critical, we recommend confirming with your contract or CO.

**Key Requirements for DFARS 252.236-7000**:

- **Clause Text**: Unfortunately, the specific text for DFARS 252.236-7000 is not included in the retrieved documents. This clause typically relates to construction contracts and may involve requirements for site conditions or other construction-specific obligations.
- **What this means**: Without the exact text, I recommend consulting the DFARS directly or your contract to obtain the precise language of DFARS 252.236-7000.
- **Applicability**: This clause generally applies to construction contracts under the Department of Defense. It is important to verify its inclusion and specific requirements in your contract.
- **Practical Note**: Ensure you have the correct and complete text of DFARS 252.236-7000 from your contract or the DFARS database to accurately include it in your letter.

**FAR Default Clause**:

- **FAR 52.249-8**: The Default (Fixed-Price Supply and Service) clause is commonly used for fixed-price contracts. It outlines the conditions under which the government can terminate a contract for default.
- **What this means**: This clause allows the government to terminate a contract if the contractor fails to perform or make progress, endangering performance of the contract.
- **Applicability**: This clause applies to fixed-price contracts and is typically included in contracts where timely performance is critical.
- **Practical Note**: Ensure the correct FAR clause number and text are used in your letter. Verify with your contract or the FAR database for accuracy.

**Procedural Guidance**: For precise clause text and applicability, always refer to your specific contract and consult with your Contracting Officer.",clause_lookup,4,0.6799180327868852,yes,yes
32,There was a delay in getting badges for my employees. Draft a letter to the contracting officer seeking an REA.,"**Date:** March 14, 2026

**To:** [Contracting Officer's Name]  
[Contracting Officer's Address]  
[City, State, ZIP Code]

**From:** [Your Name]  
[Your Position]  
[Your Company Name]  
[Your Company Address]  
[City, State, ZIP Code]

**Subject:** Request for Equitable Adjustment Due to Delay in Issuance of Employee Badges

---

Dear [Contracting Officer's Name],

I am writing to formally request an Equitable Adjustment to our contract [Contract Number] due to a delay in the issuance of security badges for our employees, which has impacted our ability to perform contractually obligated work on schedule.

**Situation/Context:**

Our contract requires that all personnel have appropriate security badges to access the work site. However, there has been an unforeseen delay in the processing and issuance of these badges, which has resulted in a disruption to our planned work schedule and increased costs associated with idle labor and extended project timelines.

**Applicable Regulations:**

According to DFARS 252.243-7002, Requests for Equitable Adjustment, any request for an adjustment to contract terms must accurately reflect the contract adjustment for which the Contractor believes the Government is liable. The request must include only costs for performing the change and must not include any costs that have already been reimbursed or separately claimed.

**Request:**

In light of the above, we are requesting an equitable adjustment to cover the additional costs incurred due to the delay in badge issuance. The adjustment request will include detailed documentation of the costs directly attributable to this delay, in accordance with the requirements outlined in DFARS 252.243-7002.

We are committed to providing all necessary supporting data to substantiate this request and ensure it is made in good faith, with accurate and complete information to the best of our knowledge and belief.

Please let us know a convenient time to discuss this matter further or if additional documentation is required to process this request.

Thank you for your attention to this matter. We look forward to your prompt response to facilitate a resolution.

Sincerely,

[Your Name]  
[Your Position]  
[Your Company Name]  
[Your Contact Information]

---

Draft for reference only; tailor to your situation and consult your contract and legal/CO as needed.",regulation_search,9,0.7732240437158472,yes,no
33,The government has denied an outage request on the critical path. What should I do and write a letter regarding delays and impacts.,"**Date:** March 14, 2026

**To:** [Contracting Officer's Name]  
[Contracting Officer's Address]  
[City, State, ZIP Code]

**From:** [Your Name]  
[Your Position]  
[Your Company's Name]  
[Your Company's Address]  
[City, State, ZIP Code]

**Subject:** Notification of Delays and Impacts Due to Denied Outage Request

---

Dear [Contracting Officer's Name],

I am writing to formally notify you of the delays and impacts resulting from the recent denial of our outage request, which is critical to the progress of our project under Contract [Contract Number]. The outage was scheduled as a necessary component on the critical path, and its denial has significant implications for our project timeline and cost.

**Situation/Context:**

On [Date of Outage Request], we submitted a request for an outage necessary to perform [specific work or task] as part of our contractual obligations. This request was essential to maintain the project schedule as outlined in our project plan. However, on [Date of Denial], we received notification that the request was denied.

**Applicable Clauses:**

According to FAR 52.236-2, the Contracting Officer has the authority to issue stop-work orders, which can impact the project timeline. Although this clause primarily addresses stop-work orders, it highlights the importance of communication and agreement on work stoppages and their potential impacts on project performance.

**Request/Action:**

Given the denial of the outage request, we anticipate delays in the project timeline and potential cost implications. We are taking all reasonable steps to mitigate these impacts, including [list any specific actions being taken]. However, we request a meeting to discuss potential adjustments to the project schedule and any necessary contract modifications to address these unforeseen circumstances.

We also seek guidance on any additional documentation or actions required from our side to facilitate a resolution that minimizes disruption to the project.

Thank you for your attention to this matter. We look forward to your prompt response and to working collaboratively to resolve these issues.

Sincerely,

[Your Name]  
[Your Position]  
[Your Company's Name]  
[Your Contact Information]

---

Draft for reference only; tailor to your situation and consult your contract and legal/CO as needed.",regulation_search,5,0.6665990111891751,no,no
34,Add language indicating that time and cost impacts are unknown at this time and include serial letter numbering.,"Our system is still expanding its coverage here. Where it's critical, we recommend confirming with your contract or CO.

**Date:** March 14, 2026

**To:** [Contracting Officer's Name]  
[Contracting Officer's Address]  
[City, State, ZIP Code]

**From:** [Your Company's Name]  
[Your Company's Address]  
[City, State, ZIP Code]

**Subject:** Serial Letter No. [Insert Number] - Notification of Unknown Time and Cost Impacts

---

**Body:**

Dear [Contracting Officer's Name],

I am writing to formally notify you regarding the current status of our contract [Contract Number]. At this time, we are unable to determine the specific time and cost impacts associated with [briefly describe the issue or situation, e.g., ""recent changes in project scope,"" ""unexpected delays,"" etc.].

According to FAR 52.247-62, ""Specific Quantities Unknown,"" it is acknowledged that certain quantities or impacts may not be determinable at the outset. In alignment with this provision, we are continuing to assess the situation and will provide detailed information as soon as it becomes available.

Furthermore, as per FAR 52.216-29, which outlines the requirements for Time-and-Materials/Labor-Hour proposals, we are committed to maintaining transparency in our cost assessments and will ensure that any future proposals reflect accurate and substantiated data.

We understand the importance of timely communication and are actively working to resolve the uncertainties. We will keep you updated on our progress and provide a comprehensive report once we have a clearer understanding of the impacts.

Please do not hesitate to contact me directly at [Your Phone Number] or [Your Email Address] should you require further information or wish to discuss this matter in more detail.

Thank you for your understanding and cooperation.

**Closing:**

Sincerely,

[Your Name]  
[Your Position]  
[Your Company's Name]

---

Draft for reference only; tailor to your situation and consult your contract and legal/CO as needed.",regulation_search,9,0.5,yes,yes
35,Generate a government property tracking form.,"**Header:**

Date: March 14, 2026  
To: Contracting Officer  
From: [Your Company Name]  
Subject: Government Property Tracking Form Submission  

**Body:**

Dear Contracting Officer,

We are submitting this communication to address the requirements for tracking Government property in accordance with our contract obligations. As part of our compliance with the applicable regulations, we have developed a Government Property Tracking Form to ensure accurate and efficient management of Government-furnished property (GFP) and contractor-acquired property.

**Situation/Context:**

Our contract involves the use of Government-furnished property, and it is imperative to maintain precise records to facilitate reporting and accountability. According to FAR 52.245-1, Government Property, the contractor is responsible for the management of Government property in its possession. Additionally, DFARS 252.245-7005 outlines specific data elements that must be recorded in the contractor’s property records to facilitate reporting to the GFP module.

**Applicable Clauses:**

1. **FAR 52.245-1**: This clause mandates the contractor to maintain a property management system that accurately records and reports Government property (FAR 52.245-1).
   
2. **DFARS 252.245-7005**: This clause requires the contractor’s property records to include specific data elements such as the National Stock Number (NSN), CAGE code, received/sent date, accountable Government contract number, serial number, and supply condition code (DFARS 252.245-7005).

**Request/Action:**

We have incorporated the necessary data elements as specified in DFARS 252.245-7005 into our Government Property Tracking Form. This form will be used to record and report all relevant information regarding Government property in our possession. We request your review and approval of this form to ensure it meets all contractual and regulatory requirements.

Please let us know if there are any additional requirements or modifications needed to align with the contract stipulations. We are committed to maintaining compliance and ensuring the integrity of Government property management.

**Closing:**

Thank you for your attention to this matter. We look forward to your feedback and approval.

Sincerely,

[Your Name]  
[Your Position]  
[Your Company Name]  

**Disclaimer:**  
Draft for reference only; tailor to your situation and consult your contract and legal/CO as needed.",regulation_search,9,0.6333333333333333,yes,no
36,What FAR clauses can be the basis of an REA?,"Our system is still expanding its coverage here. Where it's critical, we recommend confirming with your contract or CO.

**Key Requirements**:
1. **Equitable Adjustments**: FAR clauses related to equitable adjustments can be the basis for a Request for Equitable Adjustment (REA). For example, FAR 52.243-1 (Changes—Fixed-Price) and FAR 52.243-2 (Changes—Cost-Reimbursement) provide for equitable adjustments when changes are made to the contract by the government.
2. **Defective Specifications**: FAR 52.236-2 (Differing Site Conditions) and FAR 52.236-3 (Site Investigation and Conditions Affecting the Work) allow for equitable adjustments if the contractor encounters conditions that differ materially from those indicated in the contract.
3. **Government-Provided Information**: FAR 52.236-21 (Specifications and Drawings for Construction) allows for adjustments if the contractor incurs additional costs due to errors or omissions in government-provided specifications or drawings.
4. **Safety Act**: FAR 52.250-5 (SAFETY Act Equitable Adjustment) can be invoked for adjustments related to safety requirements.

**Applicability**:
- These clauses apply to contracts where the government has made changes or provided defective specifications that impact the contractor's performance or costs.
- The specific applicability of each clause depends on the contract type (e.g., fixed-price, cost-reimbursement) and the nature of the change or issue encountered.

**Practical Note**:
- When preparing an REA, ensure that the request is clearly linked to the specific FAR clause that provides for an equitable adjustment. Document the impact of the change or defect thoroughly to support the adjustment request. Always consult the specific contract and the Contracting Officer for guidance on the applicable clauses and procedures.",regulation_search,9,0.4444444444444444,yes,yes
37,Can you recommend a government contracts attorney?,"Our system is still expanding its coverage here. Where it's critical, we recommend confirming with your contract or CO.

I cannot recommend specific attorneys or law firms. However, I can suggest some steps to help you find a qualified government contracts attorney:

1. **Professional Associations**: Consider reaching out to professional associations such as the American Bar Association's Section of Public Contract Law or the National Contract Management Association. These organizations often have directories or can provide referrals to experienced attorneys in government contracting.

2. **Online Legal Directories**: Use online legal directories like Martindale-Hubbell or Avvo, which allow you to search for attorneys by practice area and location. Look for attorneys with a focus on government contracts law.

3. **Networking**: Attend industry conferences or seminars related to government contracting. These events can be excellent opportunities to meet and network with attorneys who specialize in this field.

4. **Referrals**: Ask for recommendations from colleagues or other contractors who have experience with government contracts. Personal referrals can be invaluable in finding a trusted legal advisor.

5. **Consultation**: Once you have a list of potential attorneys, schedule consultations to discuss your specific needs and assess their expertise and compatibility with your business.

For specific legal advice or representation, consulting with a qualified attorney is essential.",regulation_search,8,0.6589899524061344,yes,yes
38,Export the response to a Word document.,"I'm unable to directly export responses to a Word document. However, you can easily copy the text from here and paste it into a Word document on your computer. If you need further assistance with this process, feel free to ask!

Please note, I'm specialized in regulatory topics like FAR, DFARS, EM385, and OSHA. If you have questions in those areas, I can provide more detailed and accurate information.",other,0,,no,no
39,We were digging a footing and ran into an unexpected gas line not shown on the drawings. What should we do?,"**Recommended steps:**

1. **Stop Work Immediately**: Cease all excavation activities in the vicinity of the unexpected gas line to prevent any potential hazards or damage.

2. **Notify the Contracting Officer**: Promptly inform the Contracting Officer about the discovery of the unexpected gas line. This aligns with the requirement to notify the Contracting Officer of any discrepancies in the drawings (DFARS 252.236-7001(b)(3)).

3. **Contact Utility Companies**: Reach out to the relevant utility companies or responsible authorities to locate and mark the underground utilities. They may also assist in protecting the utilities (EM385 Section 1-1(2)).

4. **Verify Utility Location**: If working within 3 feet of the gas line, physically verify its location using non-destructive methods and take steps to neutralize the utility system if necessary (EM385 Section 1-1(3)).

5. **Protect Workers and Utilities**: Ensure that workers are protected from the utility and that the utility is safeguarded from damage or displacement (EM385 Section 1-1(5)).

6. **Document the Condition**: Keep detailed records of the situation, including photographs, communications with utility companies, and any instructions received from the Contracting Officer.

7. **Await Further Instructions**: Follow any additional instructions provided by the Contracting Officer or utility companies regarding how to proceed safely with the excavation.

For contract-specific decisions, consult the contract and/or legal counsel.",regulation_search,5,0.8865150713907985,no,no
40,What is the deadline for filing a protest?,"The deadline for filing a protest depends on the context and the rules governing the specific situation. For example, in the context of U.S. federal government contracts, a protest to the Government Accountability Office (GAO) must generally be filed within 10 days after the basis of the protest is known or should have been known. However, if a debriefing is requested and required, the protest must be filed within 10 days after the debriefing date.

I specialize in regulatory topics like FAR, DFARS, EM385, and OSHA, and can provide more detailed, citation-backed answers on those subjects. If you have questions in those areas, feel free to ask!",other,0,,no,no
41,What are the roles and responsibilities of a federal construction quality control manager?,"Our system is still expanding its coverage here. Where it's critical, we recommend confirming with your contract or CO.

**Key Requirements**:
- The role of a Quality Control (QC) Manager in federal construction projects typically involves ensuring compliance with contract specifications and quality standards. This includes developing and implementing a QC plan, conducting inspections, and maintaining documentation of quality control activities.
- The QC Manager is responsible for coordinating with project supervisors and other stakeholders to ensure that all construction activities meet the required quality standards and are completed according to the project schedule.
- They must ensure that all inspections and tests are conducted as required by the contract and that any deficiencies are promptly addressed and corrected.
- The QC Manager is also responsible for maintaining records of all quality control activities, including inspection reports, test results, and corrective actions taken.

**Applicability**:
- These responsibilities generally apply to federal construction projects where quality control is a contractual requirement. The specific duties and responsibilities may vary depending on the contract terms and the requirements set by the Contracting Officer.

**Practical Note**:
- It is crucial for the QC Manager to be familiar with the specific quality control requirements outlined in the contract and to maintain open communication with the Contracting Officer to ensure compliance and address any issues that arise during the project. Always refer to the contract and consult the Contracting Officer for specific project requirements.",regulation_search,9,0.6473470826723076,yes,yes
42,What should we do if a vendor cannot match the specifications?,"Our system is still expanding its coverage here. Where it's critical, we recommend confirming with your contract or CO.

**Key Requirements:**

- **Corrective Action**: If a vendor cannot match the specifications, the contractor is responsible for removing, replacing, or correcting the rejected supplies. If the contractor fails to do so promptly, the Government may take corrective action itself and adjust the contract price accordingly (FAR 52.246-2(h)).
- **Notification and Discrepancies**: The contractor must promptly notify the Contracting Officer of any discrepancies in the drawings or specifications. This is crucial to address any potential issues early and avoid errors (DFARS 252.236-7001(b)(3)).
- **Contract Termination**: If the nonconformance is not corrected within the delivery schedule, the Contracting Officer has the authority to terminate the contract for default (FAR 52.246-2(h)).

**Applicability:**

- These requirements apply to contractors who have entered into contracts with the Government where specifications are a critical component of the deliverables.
- The clauses are typically included in contracts that involve the provision of supplies or construction services.

**Practical Note:**

- It is essential to maintain open communication with the Contracting Officer and address any specification issues as soon as they arise. This proactive approach can help mitigate risks of contract termination or price adjustments. Always review your contract for specific terms and consult with the Contracting Officer for guidance tailored to your situation.",regulation_search,5,0.33999999999999997,no,yes
43,Write an RFI in standard NAVFAC form for this issue.,"**Date:** March 14, 2026

**To:** Contracting Officer

**From:** [Your Company Name]

**Subject:** Request for Information (RFI) Regarding [Specific Issue]

---

**Body:**

**Situation/Context:**

We are currently engaged in [briefly describe the project or contract] under contract number [insert contract number]. We have encountered a situation that requires clarification to ensure compliance with the contract terms and to facilitate the smooth execution of our obligations.

**Applicable Clauses:**

In accordance with FAR 52.215-3, ""Request for Information or Solicitation for Planning Purposes"" (Oct 1997), we are submitting this RFI to seek clarification on [describe the specific issue or question]. This provision allows for the submission of information requests to aid in planning and execution, although it does not constitute a proposal or offer (FAR 52.215-3).

**Request:**

We kindly request clarification on the following points:
1. [List specific questions or areas where clarification is needed]
2. [Additional questions, if any]

Understanding these aspects will enable us to align our efforts with the Government's requirements and expectations effectively.

**Closing:**

We appreciate your attention to this matter and look forward to your prompt response. Please feel free to contact us at [your contact information] should you require further details or wish to discuss this RFI.

**Sincerely,**

[Your Name]  
[Your Position]  
[Your Company Name]  
[Your Contact Information]

---

Draft for reference only; tailor to your situation and consult your contract and legal/CO as needed.",regulation_search,9,0.7295078236555409,yes,no
44,"Rephrase the answer to include all applicable FAR, DFARS, and EM-385 requirements.","Our system is still expanding its coverage here. Where it's critical, we recommend confirming with your contract or CO.

**Key Requirements**:
- **FAR Clauses**: Contractors must comply with specific FAR clauses incorporated by the Contracting Officer, such as restrictions on subcontractor sales (FAR 52.203-6) and prohibitions on contracting with inverted domestic corporations (FAR 52.209-10).
- **Equal Opportunity**: Compliance with equal opportunity clauses is required, including those for veterans (FAR 52.222-35) and workers with disabilities (FAR 52.222-36).
- **Payment Terms**: Contractors must adhere to payment-related clauses, such as prompt payment (FAR 52.232-25) and providing accelerated payments to small business subcontractors (FAR 52.232-40).
- **Reporting Requirements**: For contracts above certain thresholds, reporting executive compensation and first-tier subcontract awards is necessary (FAR 52.204-10).

**Applicability**:
- These requirements apply to contracts where the specified FAR clauses are incorporated by the Contracting Officer, often based on contract type and value.
- Specific clauses, like those for equal opportunity, apply to contracts meeting certain thresholds or conditions, such as those exceeding the micro-purchase threshold.

**Practical Note**:
- Always verify which FAR clauses are incorporated into your contract by consulting the contract document and the Contracting Officer. This ensures compliance with all applicable requirements and avoids potential disputes or penalties.",regulation_search,5,0.42000000000000004,no,yes
45,What are my rights as a contractor during a debrief?,"**Key Requirements:**

- **Request for Debriefing**: As a contractor, you have the right to request a debriefing if you are excluded from the competitive range or otherwise excluded from the competition before award. This request must be submitted in writing to the contracting officer within 3 days after receiving the notice of exclusion (FAR 15.505(a)(1)).

- **Timing and Content**: You may request that the debriefing be delayed until after the award. If delayed, the debriefing will include all information normally provided in a postaward debriefing (FAR 15.505(a)(2)).

- **Limitations**: You are entitled to only one debriefing for each proposal. If you do not submit a timely request, you may not receive either a preaward or postaward debriefing (FAR 15.505(a)(3)).

- **Debriefing Effort**: The contracting officer is required to make every effort to debrief you as soon as practicable. However, they may refuse the request if it is not in the best interests of the Government for compelling reasons (FAR 15.505(b)).

**Applicability:**

- These rights apply to offerors involved in federal procurement processes governed by the FAR, specifically those who have been excluded from the competitive range or competition before an award.

**Practical Note:**

- Ensure you submit your debriefing request promptly within the 3-day window to preserve your right to a debriefing. Delays or failure to request within this timeframe may forfeit your opportunity for a debriefing. Always check the specific terms of your contract and consult with the Contracting Officer for any additional guidance.",regulation_search,9,0.7613722105172838,yes,no
46,How do I access the process guidance agent?,"To access a process guidance agent, you typically need to go through the support or help section of the software or service you are using. Look for options like ""Help,"" ""Support,"" or ""Contact Us"" on their website or within the application. You might also find chatbots or virtual assistants that can guide you through the process.

I specialize in regulatory topics such as FAR, DFARS, EM385, and OSHA. If you have questions related to those areas, I can provide more detailed and accurate information.",other,0,,no,no
47,I was just issued a job as a project manager for a federal design-bid-build construction project through NAVFAC. Provide the first 10 steps.,"Our system is still expanding its coverage here. Where it's critical, we recommend confirming with your contract or CO.

**Recommended steps:**

1. **Review the Contract Documents:** Familiarize yourself with the contract, including all plans, specifications, and any special provisions. This will help you understand the scope of work and specific requirements (FAR 36.102).

2. **Establish Communication with the Contracting Officer:** Ensure you have clear lines of communication with the Contracting Officer (CO) and any designated representatives. This is crucial for addressing any issues or changes during the project (FAR 36.104).

3. **Develop a Project Schedule:** Create a detailed project schedule that outlines all phases of the construction process. This should include timelines for design, procurement, construction, and closeout activities.

4. **Conduct a Site Visit:** Perform an initial site visit to assess existing conditions and verify any site-specific requirements or constraints. This will help in planning the layout of work (FAR 52.236-17).

5. **Prepare a Safety Plan:** Develop a comprehensive safety plan in compliance with OSHA standards and any specific requirements outlined in the contract. This is essential for ensuring a safe working environment.

6. **Coordinate with Subcontractors:** Identify and coordinate with any subcontractors involved in the project. Ensure they are aware of their responsibilities and the project schedule.

7. **Verify Design Compliance:** Ensure that all design elements comply with federal sustainable building design principles if applicable, especially for projects over 25,000 gross square feet (FAR 36.104(b)).

8. **Set Up Project Controls:** Implement project controls for tracking progress, managing costs, and ensuring quality. This includes setting up systems for documentation and reporting.

9. **Hold a Pre-Construction Meeting:** Organize a pre-construction meeting with all stakeholders to discuss the project plan, schedule, safety protocols, and any potential issues.

10. **Document and Report:** Establish a system for documenting all project activities and reporting to the CO as required. This includes maintaining records of communications, changes, and",regulation_search,9,0.4555555555555555,yes,yes
48,How do I upload submittal documents?,"Our system is still expanding its coverage here. Where it's critical, we recommend confirming with your contract or CO.

**Recommended steps:**

1. **Determine the appropriate system** for uploading your submittal documents. If you are working with the Department of Defense, use the Electronic Data Access (EDA) system, which is the primary tool for electronic distribution of contract documents and data (DFARS 204.270-1(a)).

2. **Ensure document compatibility** by checking that your documents can be uploaded electronically. Documents that are classified, too sensitive, or cannot be converted to electronic format should not be uploaded to EDA (DFARS 204.270-1(a)).

3. **Prepare your documents** in the correct format. If using email for submission, ensure attachments are in PDF format and do not exceed 10 megabytes total (DFARS Rule 2(a)(3)).

4. **Include necessary information** in your submission. When filing via email, include the relevant docket number(s) and the name of the appellant in the email's subject line (DFARS Rule 2(a)(3)).

5. **Submit the documents** through the chosen method, ensuring that the submission is complete and accurate. For EDA, ensure that the electronic version of the document is an accurate representation of the contract (DFARS 204.270-1(b)(2)).

6. **Verify receipt** of your submission. If filing via email, confirm that the document has been received by the email server to complete the filing process (DFARS Rule 2(a)(3)).

For contract-specific decisions, consult the contract and/or legal counsel.",regulation_search,5,0.64,no,yes
49,How can I upload the specifications?,"Our system is still expanding its coverage here. Where it's critical, we recommend confirming with your contract or CO.

**Key Requirements:**
- The retrieved documents do not provide specific guidance on how to upload specifications. They primarily address the availability and examination of specifications and related documents.
- DFARS 252.211-7002 and FAR 52.211-1 discuss the availability of specifications for examination but do not cover uploading procedures.
- DFARS 252.236-7001 outlines responsibilities regarding contract drawings and specifications but does not specify uploading methods.

**Applicability:**
- The clauses mentioned apply to contractors involved in government contracts where specifications, standards, and drawings are part of the contract requirements.

**Practical Note:**
- Since the retrieved documents do not specify how to upload specifications, you should check your contract for any specific instructions or consult with the Contracting Officer for guidance on the required procedure.",regulation_search,5,0.5,no,yes
50,How do I load the submittal registry?,"Our system is still expanding its coverage here. Where it's critical, we recommend confirming with your contract or CO.

**Recommended steps:**

1. **Review Contract Requirements:** Check your contract documents for any specific instructions or requirements regarding the submittal registry. The contract or the Contracting Officer (CO) may provide detailed procedures or software systems to use.

2. **Consult the Contracting Officer:** If the contract does not specify how to load the submittal registry, contact the Contracting Officer for guidance. They can provide the necessary instructions or direct you to the appropriate resources.

3. **Use Specified Systems:** If a specific electronic system or platform is designated for submittal management (such as an eSRS for subcontracting reports as mentioned in FAR 19.702), ensure you have access and understand how to use it.

4. **Prepare Submittals:** Gather all required documents and information that need to be included in the submittal registry. Ensure they are complete and comply with any formatting or content requirements specified in the contract.

5. **Enter Data:** Follow the instructions provided by the CO or in the contract to enter the submittals into the registry. This may involve uploading documents, filling out forms, or entering data into a software system.

6. **Verify Entries:** After loading the submittals, verify that all entries are correct and complete. Ensure that all required fields are filled and documents are properly attached.

For contract-specific decisions, consult the contract and/or legal counsel.",regulation_search,9,0.691802905622754,yes,yes
51,What is a PPI?,"**Key Requirements**:
- The retrieved documents do not provide a definition or explanation of ""PPI"" within the context of FAR, DFARS, EM 385-1-1, or OSHA standards.
  
**Applicability**:
- The term ""PPI"" is not addressed in the provided regulatory excerpts. It may refer to various concepts depending on the context, such as ""Producer Price Index"" in economic terms or ""Past Performance Information"" in contracting contexts, but these are not covered in the retrieved documents.

**Practical Note**:
- For a precise definition or application of ""PPI"" relevant to your situation, consult the specific contract or reach out to the Contracting Officer for clarification.",regulation_search,9,0.7522505896591478,yes,no
52,"As a Project Manager, analyze submittal requirements during the pre-award phase of a federal construction project and recommend actions to ensure compliance.","Our system is still expanding its coverage here. Where it's critical, we recommend confirming with your contract or CO.

**Key Requirements:**

1. **Preaward Surveys**: If a preaward survey is requested, follow the procedures outlined in PGI 209.106. This may involve providing detailed information about the contractor's capabilities and past performance (DFARS 209.106).

2. **Earned Value Management System (EVMS)**: If applicable, ensure that the offeror's EVMS complies with the guidelines in the Electronic Industries Alliance Standard 748. If the system is not yet compliant, submit a comprehensive plan detailing how compliance will be achieved (FAR 52.234-3).

3. **Project Labor Agreements**: If required by the solicitation, maintain a project labor agreement throughout the life of the contract. This agreement should establish employment terms and conditions for the construction project (FAR 52.222-34).

4. **Subcontractor Information**: Gather necessary information from subcontractors to support price reasonableness determinations. This includes technical information to justify pricing based on sales data for similar items (DFARS 234.7002(e)).

**Applicability:**

- These requirements apply to federal construction projects and may vary based on the specific contract terms and conditions.
- The EVMS requirement is typically relevant for contracts where performance measurement is critical, often involving significant dollar thresholds.

**Practical Note:**

- Review the solicitation and contract documents carefully to identify any specific submittal requirements or compliance obligations. Engage with the Contracting Officer early to clarify any uncertainties and ensure all pre-award requirements are met.",regulation_search,9,0.33333333333333326,yes,yes
53,"As a Project Manager, analyze RFI requirements during the pre-award phase of a federal construction project and recommend actions to ensure compliance.","Our system is still expanding its coverage here. Where it's critical, we recommend confirming with your contract or CO.

**Date:** March 14, 2026  
**To:** Contracting Officer  
**From:** [Your Name], Project Manager  
**Subject:** Analysis and Recommendations for RFI Requirements in Pre-Award Phase of Federal Construction Project  

---

**Body:**

**1. Situation/Context:**

As the Project Manager overseeing the pre-award phase of a federal construction project, it is crucial to ensure compliance with all Request for Information (RFI) requirements. This phase is critical for clarifying project details and ensuring that all parties have a mutual understanding of the project scope and requirements.

**2. Applicable Regulations:**

According to FAR 15.203, Requests for Proposals (RFPs) are used in negotiated acquisitions to communicate Government requirements to prospective contractors and to solicit proposals. The RFPs must describe the Government’s requirement (FAR 15.203(a)(1)). While this section does not directly address RFIs, it highlights the importance of clear communication of requirements, which is also applicable to RFIs.

Additionally, FAR 15.203(c) encourages early exchanges of information about future acquisitions, which can include RFIs. These exchanges help identify and resolve concerns regarding acquisition strategies, contract terms, and performance requirements. Techniques for promoting early exchanges include industry conferences, public hearings, and one-on-one meetings with potential offerors.

**3. Recommendations for Compliance:**

- **Conduct Early Exchanges:** Engage in early exchanges of information with industry participants, as encouraged by FAR 15.203(c). This can include organizing industry conferences or one-on-one meetings to discuss the project requirements and address any potential concerns.

- **Clarify Requirements:** Ensure that all RFIs clearly articulate the project requirements and any specific information needed from potential contractors. This aligns with the principles outlined in FAR 15.203(a)(1) regarding the communication of Government requirements.

- **Document Interactions:** Keep detailed records of all interactions and exchanges with potential offerors during the RFI process. This documentation will be valuable for ensuring transparency and accountability.

- **Consult the Contracting Officer:** Regularly consult with the Contracting Officer to ensure that all RFI processes align with the specific requirements and expectations of the project contract.

**Closing:**

By following these recommendations, we can ensure that the RFI process during the pre-award phase is compliant with federal regulations and effectively supports the successful execution of the construction project.

**Disclaimer:** Draft for reference only; tailor to your situation and consult your contract and legal/CO as needed.",regulation_search,5,0.44000000000000006,no,yes
54,What does a project manager do on a federal construction project?,"Our system is still expanding its coverage here. Where it's critical, we recommend confirming with your contract or CO.

**Key Requirements**:
1. **Preconstruction Orientation**: The project manager should participate in preconstruction conferences organized by the Contracting Officer to understand significant matters such as labor standards, subcontracting plans, and other administrative responsibilities (FAR 36.212).
2. **Contract Compliance**: Ensure compliance with all contract clauses, such as maintaining project labor agreements and ensuring that subcontractors are also compliant (FAR 52.222-34).
3. **Progress Payments**: Manage and submit requests for progress payments, including detailed substantiation of work completed and amounts requested, ensuring alignment with the standards of quality established under the contract (FAR 52.232-5).
4. **Sustainability Practices**: Implement sustainable building practices for projects over 25,000 square feet, ensuring they meet federal sustainable design principles (FAR 36.104).

**Applicability**:
- These requirements apply to federal construction projects, particularly those involving new construction or modernization exceeding 25,000 square feet.
- The project manager's role is crucial in ensuring compliance with federal regulations and contract-specific requirements.

**Practical Note**:
- It is essential for the project manager to maintain open communication with the Contracting Officer to ensure all regulatory and contractual obligations are met. Regularly reviewing the contract and any amendments is critical to staying compliant and avoiding potential disputes.",regulation_search,9,0.48960573476702507,yes,yes
55,"As a Project Manager, analyze safety requirements during the post-award phase of a federal construction project and recommend actions to ensure compliance.","Our system is still expanding its coverage here. Where it's critical, we recommend confirming with your contract or CO.

**Key Requirements:**

- **Construction Safety and Phasing Plan (CSPP) and Safety Plan Compliance Document (SPCD):** A Competent Person (CP) must prepare these documents as part of the safety requirements for federal construction projects. These plans are crucial for outlining safety measures and ensuring compliance with safety standards (EM385 32-4.a).
- **Review and Acceptance:** The CSPP and SPCD must be reviewed and accepted by Airfield Managers no later than 14 days prior to the commencement of work. This step is essential to ensure that all safety protocols are in place before any construction activities begin (EM385 32-4.b).

**Applicability:**

- These requirements apply to federal construction projects, particularly those involving airfields, where a Competent Person is designated to oversee safety planning and compliance.
- The requirement for review and acceptance by Airfield Managers suggests applicability to projects involving airfield operations or similar environments.

**Practical Note:**

- As a Project Manager, ensure that the Competent Person is appointed early in the project to develop the CSPP and SPCD. Schedule the submission of these documents well in advance to meet the 14-day review period, preventing any delays in project commencement. Always consult the specific contract and the Contracting Officer for any additional project-specific safety requirements.",regulation_search,5,0.6599999999999999,no,yes
56,We discovered an oil tank that is not on the drawings. What do we do next?,"Our system is still expanding its coverage here. Where it's critical, we recommend confirming with your contract or CO.

**Recommended steps:**

1. **Notify** the Contracting Officer promptly about the discovery of the oil tank that is not shown on the contract drawings (DFARS 252.236-7001(b)(3)).

2. **Document** the location, size, and any other relevant details of the discovered oil tank. Include photographs and any initial assessments of its condition or potential impact on the project.

3. **Submit** a written report to the Contracting Officer detailing the discrepancy, including your documentation and any potential implications for the project timeline or costs.

4. **Request** guidance from the Contracting Officer on how to proceed, including whether any additional investigations or modifications to the project scope are necessary.

5. **Review** any instructions or modifications issued by the Contracting Officer and adjust your project plans accordingly.

For contract-specific decisions, consult the contract and/or legal counsel.",regulation_search,5,0.623954907540312,no,yes
57,What is SIOP?,"**Key Requirements**:
- The retrieved documents do not contain any information or definition related to ""SIOP."" 

**Applicability**:
- The term ""SIOP"" is not addressed in the provided excerpts from FAR, DFARS, or EM 385-1-1 regulations.

**Practical Note**:
- ""SIOP"" could refer to a specific program, initiative, or term not covered in the retrieved regulatory documents. It is advisable to check the specific contract documents or consult with the Contracting Officer for clarification on what ""SIOP"" refers to in your context.",regulation_search,9,0.7684501313478486,yes,no
58,Which FAR clause applies to differing site conditions?,"**Key Requirements**:
- The FAR clause that applies to differing site conditions is FAR 52.236-2, titled ""Differing Site Conditions"" (Apr 1984).
- This clause requires the contractor to promptly notify the Contracting Officer in writing before disturbing the conditions if they encounter:
  1. Subsurface or latent physical conditions at the site differing materially from those indicated in the contract.
  2. Unknown physical conditions at the site, of an unusual nature, differing materially from those ordinarily encountered and generally recognized as inherent in the work of the character provided for in the contract.
- Upon receiving notice, the Contracting Officer must investigate the site conditions. If the conditions materially differ and affect the cost or time required for the work, an equitable adjustment to the contract will be made (FAR 52.236-2(b)).

**Applicability**:
- This clause is typically included in fixed-price construction contracts and is prescribed by FAR 36.502.

**Practical Note**:
- Contractors should ensure they have a clear process for identifying and reporting differing site conditions to avoid disputes and ensure timely adjustments. Always consult the specific contract and communicate promptly with the Contracting Officer when such conditions are encountered.",regulation_search,5,1.0,no,no
59,What FAR clause relates to professional services?,"Our system is still expanding its coverage here. Where it's critical, we recommend confirming with your contract or CO.

**Key Requirements:**
- **Professional and Technical Services**: FAR 52.203-11 addresses payments for professional or technical services rendered directly in the preparation, submission, or negotiation of any bid, proposal, or application for a Federal action. This includes advice and analysis applying any professional or technical discipline (FAR 52.203-11(ii), (iii)).
- **Service Contract Labor Standards**: FAR 52.222-41, Service Contract Labor Standards, applies to contracts that involve services and sets forth labor standards for service employees (FAR 52.222-41).

**Applicability:**
- **Professional Services**: The provisions regarding professional and technical services apply to any reasonable payment for such services related to Federal actions, including consultants and trade associations (FAR 52.203-11(ii)).
- **Service Contracts**: FAR 52.222-41 applies to service contracts that meet specific criteria under 41 U.S.C. chapter 67.

**Practical Note:**
- For contracts involving professional services, ensure compliance with applicable labor standards and payment regulations. Consult the specific contract and the Contracting Officer for any additional requirements or clauses that may apply to your situation.",regulation_search,5,0.48,no,yes
60,Show me the standard project cost ranges for a government solicitation.,"Our system is still expanding its coverage here. Where it's critical, we recommend confirming with your contract or CO.

**Key Requirements:**

- The DFARS provides specific ranges for the magnitude of construction projects, which are used to disclose the estimated cost of a project in solicitations. These ranges are:
  - Between $10,000,000 and $25,000,000
  - Between $25,000,000 and $100,000,000
  - Between $100,000,000 and $250,000,000
  - Between $250,000,000 and $500,000,000
  - Over $500,000,000 (DFARS 236.204).

**Applicability:**

- These cost ranges apply to construction projects under government solicitations. They are used to inform potential contractors of the project's estimated financial scope.

**Practical Note:**

- When preparing a bid for a government construction project, ensure you understand which cost range your project falls into, as this can impact the level of competition and the type of contractors that may be interested in bidding. Always verify the specific range disclosed in the solicitation document.",regulation_search,5,0.6,no,yes
