index,query,response,path,doc_count,confidence,mode,reflection_triggered,low_confidence,show_banner
1,What documentation needs to be provided for off site storage of materials?,"For off-site storage of materials, you generally need to provide documentation that includes a detailed inventory of the materials, proof of insurance, and evidence of secure storage conditions. Additionally, you may need to provide access agreements or permissions for inspections, and any relevant contracts or agreements with the storage facility. It's important to ensure that all documentation aligns with any specific contractual or regulatory requirements related to your project.

I specialize in regulatory topics like FAR, DFARS, EM385, and OSHA, so if you have questions related to those areas, I can provide more detailed and accurate information. Feel free to ask!",other,0,,copilot,no,no,no
2,What bases are within Navy Region NW?,"Navy Region Northwest includes several key installations such as Naval Base Kitsap, Naval Station Everett, and Naval Air Station Whidbey Island. These bases support a variety of naval operations and provide facilities for both active duty and reserve personnel.

If you have questions about government acquisition or construction regulations like FAR, DFARS, EM385, or OSHA, feel free to ask! I'm specialized in those areas and can provide detailed, citation-backed information.",other,0,,copilot,no,no,no
3,Who is the founder of GovGig?,"I'm not sure who the founder of GovGig is. You might want to check the company's official website or LinkedIn page for more information about its founders or leadership team. 

If you have questions related to government acquisition and construction regulations like FAR, DFARS, EM385, or OSHA, feel free to ask! I can provide more detailed and accurate information on those topics.",other,0,,copilot,no,no,no
4,What did the GAO state on the status of the nation's four major naval shipyards?,"The Government Accountability Office (GAO) has reported on the challenges faced by the nation's four major naval shipyards, highlighting issues such as aging infrastructure, the need for modernization, and the impact on maintenance schedules and costs. The GAO has recommended improvements to address these challenges to ensure the shipyards can effectively support the Navy's mission.

If you have questions about government acquisition or construction regulations like FAR, DFARS, EM385, or OSHA, feel free to ask! I can provide more detailed, citation-backed information on those topics.",other,0,,copilot,no,no,no
5,Provide me with detailed history of Puget Sound Naval Shipyard.,"Puget Sound Naval Shipyard, located in Bremerton, Washington, was established in 1891. It has played a significant role in U.S. naval history, particularly during World War I and World War II, when it was a major shipbuilding and repair facility. Over the years, it has evolved to focus on the maintenance, modernization, and decommissioning of naval vessels, including nuclear-powered ships.

I'm specialized in regulatory topics like FAR, DFARS, EM385, and OSHA. If you have questions related to those areas, I can provide more detailed, citation-backed information.",other,0,,copilot,no,no,no
6,"List the core Federal Acquisition Regulations, construction clauses, safety and labor compliance documents, federal design standards, contract administration guides, forms, and dispute references used in federal construction.","**Recommended steps:**

1. **Review FAR Part 36**: This part covers Construction and Architect-Engineer Contracts, which includes clauses specific to construction projects (FAR Part 36).

2. **Consult FAR Subpart 52.2**: This subpart contains the prescriptions for clauses used in construction contracts, such as those related to labor standards and safety (FAR 52.222-13, 52.222-14).

3. **Examine Safety and Labor Compliance Clauses**: Key clauses include those related to Construction Wage Rate Requirements and Contract Work Hours and Safety Standards (FAR 52.222-13).

4. **Refer to EM 385-1-1**: This is the U.S. Army Corps of Engineers Safety and Health Requirements Manual, which is often incorporated into federal construction contracts for safety compliance.

5. **Utilize Contract Administration Guides**: These guides, often agency-specific, provide detailed procedures for managing construction contracts, including modifications and disputes.

6. **Access Federal Design Standards**: Standards such as the Unified Facilities Criteria (UFC) provide design requirements for federal construction projects.

7. **Use Standard Forms**: Forms like SF 1442 (Solicitation, Offer, and Award) are commonly used in federal construction contracting.

8. **Understand Dispute Resolution References**: Familiarize yourself with clauses related to disputes, such as FAR 52.233-1, which covers disputes procedures.

For contract-specific decisions, consult the contract and/or legal counsel.",regulation_search,11,0.39,copilot,yes,no,no
7,We are building a barracks project at Camp Pendleton and have uncovered unexploded ordnance. What should we do and write a serial letter notifying the contracting officer including FAR clauses for excusable delay and differing site conditions.,"**Date:** March 18, 2026

**To:** [Contracting Officer's Name]  
[Contracting Officer's Address]  
[City, State, ZIP Code]

**From:** [Your Company Name]  
[Your Company Address]  
[City, State, ZIP Code]

**Subject:** Notification of Differing Site Conditions and Request for Excusable Delay - Barracks Project at Camp Pendleton

---

**Body:**

Dear [Contracting Officer's Name],

We are writing to formally notify you of a differing site condition encountered during the construction of the barracks project at Camp Pendleton. On [date of discovery], our team uncovered unexploded ordnance at the project site. This condition was not indicated in the contract documents and differs materially from the conditions we anticipated based on our site investigations.

**Differing Site Conditions:**

As per FAR 52.236-2, Differing Site Conditions, we are required to promptly notify you in writing before the conditions are disturbed. The presence of unexploded ordnance constitutes a subsurface physical condition that differs materially from those indicated in the contract. We request that you investigate the site conditions promptly to determine the appropriate course of action.

**Request for Excusable Delay:**

The discovery of unexploded ordnance has necessitated a halt in construction activities to ensure the safety of all personnel and compliance with safety regulations. This unforeseen condition will likely result in an increase in the time required to complete the project. We request an excusable delay under the provisions of FAR 52.236-2, as the condition was unknown and could not have been reasonably anticipated.

We are prepared to cooperate fully with any investigations or actions you deem necessary and will provide any additional information required to facilitate the resolution of this issue.

Please let us know how you wish to proceed and if there are any specific actions you require from us at this time. We appreciate your prompt attention to this matter to minimize any potential impact on the project timeline.

Thank you for your understanding and cooperation.

**Closing:**

Sincerely,

[Your Name]  
[Your Position]  
[Your Contact Information]

**Disclaimer:** Draft for reference only; tailor to your situation and consult your contract and legal/CO as needed.",regulation_search,6,0.4703,grounded,no,no,no
8,Is the document generator working yet?,"This appears to be a product/system-related question.

The current interface supports chat-based querying and evidence viewing. Direct document upload or export features may not be available in this interface.

If you need to work with documents, please check with your administrator or refer to platform documentation.",other,0,,copilot,no,no,no
9,Why is the document generator still under construction?,"This appears to be a product/system-related question.

The current interface supports chat-based querying and evidence viewing. Direct document upload or export features may not be available in this interface.

If you need to work with documents, please check with your administrator or refer to platform documentation.",other,0,,copilot,no,no,no
10,Review the FAR or DFARS clauses and identify risks related to construction scheduling.,"**Key Requirements:**

- **Submission of Schedules**: Contractors must submit a practicable schedule within five days after work commences, or within a timeframe determined by the Contracting Officer (FAR 52.236-15(a)). Failure to submit on time can result in withheld progress payments.
- **Schedule Format**: The schedule should be in the form of a progress chart, indicating the percentage of work scheduled for completion by any given date (FAR 52.236-15(a)).
- **Approval of Schedules**: The submitted schedule must be approved by the Contracting Officer. Delays in approval can impact project timelines and cash flow.
- **Modification of Clauses**: Contracting officers may modify clauses only if authorized by the FAR, which can affect schedule terms if not properly managed (FAR 52.104).

**Applicability:**

- These requirements apply to construction contracts where the clause FAR 52.236-15 is included, typically involving federal construction projects.

**Practical Note:**

- Ensure timely submission and approval of construction schedules to avoid payment delays. Regularly update and communicate with the Contracting Officer to manage any changes effectively. Confirm with CO/contract for critical decisions.",regulation_search,6,0.4987,grounded,no,no,no
11,What is a concurrent delay?,"Your question ""What is a concurrent delay?"" is a bit brief for me to give a precise, regulation-backed answer. Could you add a bit more context?

For example:
- Which regulation area? (FAR, DFARS, EM385, OSHA)
- What's the project or contract situation?
- Are you asking about a specific clause or a general requirement?",clarifier,0,,clarify,no,no,no
12,"As a Project Manager, analyze the commissioning requirements during the pre-award phase of a federal construction project and recommend actions to ensure compliance with contract requirements.","**Phase Requirements:**
- During the pre-award phase, commissioning requirements are generally not explicitly detailed in the DFARS or FAR. Instead, they are typically outlined in the project specifications and contract documents.
- The contracting office and DCMA may conduct pre-award surveys to assess contractor capabilities, which can include evaluating readiness for commissioning activities (DFARS 201-253).
- Ensure that the solicitation documents clearly define commissioning requirements, including any standards or guidelines to be followed.

**Key Activities:**
- Collaborate with the contracting officer to ensure that commissioning requirements are included in the solicitation and contract documents.
- Verify that potential contractors have the necessary experience and resources to meet commissioning requirements by reviewing their past performance and capabilities during the pre-award survey.
- Prepare a checklist of commissioning activities and deliverables that need to be addressed in the contract, such as testing protocols, documentation, and acceptance criteria.

**Practical Note:**
- Ensure all commissioning requirements are clearly articulated in the solicitation to avoid ambiguities that could lead to compliance issues later. Confirm with the Contracting Officer for specific contract requirements.",regulation_search,10,0.3209,copilot,yes,no,no
13,"As a Project Manager, analyze the punchlist requirements during the pre-award phase of a federal construction project and recommend actions to ensure compliance with contract requirements.","**Phase Requirements**:
- Punchlist requirements are typically not part of the pre-award phase; they are addressed during the construction and closeout phases. The pre-award phase focuses on solicitation, evaluation, and contract award processes.
- During pre-award, ensure that the solicitation documents clearly define the punchlist process, including responsibilities for preparing and completing the punchlist.
- Ensure that the contract specifications include detailed requirements for the punchlist process, such as timelines for completion and criteria for acceptance.

**Key Activities**:
1. **Review Solicitation Documents**: Verify that the solicitation includes clear language on punchlist responsibilities and expectations.
2. **Coordinate with Technical Experts**: Engage with engineers or architects to ensure technical specifications align with punchlist requirements.
3. **Pre-Award Meetings**: Conduct pre-award meetings to clarify punchlist expectations with potential contractors.

**Practical Note**: Ensure that all punchlist-related clauses and requirements are clearly articulated in the solicitation and contract documents to avoid disputes during project execution. Confirm with the Contracting Officer for any specific agency requirements.",regulation_search,6,0.3504,copilot,no,no,no
14,Write a delay letter to NAVFAC regarding an outage disapproval and the delay including the default FAR clause.,"**Date:** March 18, 2026

**To:** Contracting Officer, NAVFAC

**From:** [Your Company Name]

**Subject:** Notification of Delay Due to Outage Disapproval and Request for Consideration Under Default Clause

---

**Body:**

Dear [Contracting Officer's Name],

We are writing to formally notify you of a delay in the performance of our contract [Contract Number] due to the recent disapproval of a planned outage. This unforeseen circumstance has impacted our ability to proceed with the work as scheduled.

According to FAR 52.249-14, ""Excusable Delays,"" a contractor is not considered in default if the failure to perform arises from causes beyond their control and without their fault or negligence. In this instance, the disapproval of the outage, which was necessary for the continuation of our work, constitutes a delay beyond our control. We assure you that we have taken all reasonable measures to mitigate the impact of this delay.

Furthermore, we would like to draw your attention to FAR 52.242-17, ""Government Delay of Work,"" which provides for an adjustment in the contract terms if the delay is caused by an act of the Contracting Officer or a failure to act within the specified time. We believe this clause is applicable as the delay was due to administrative decisions beyond our control.

We request your consideration for an equitable adjustment to the contract schedule to account for this delay. We are committed to completing the project efficiently and within the revised timeline once the outage is approved.

Please let us know if further documentation is required to process this request. We appreciate your understanding and cooperation in this matter.

**Closing:**

Thank you for your attention to this issue. We look forward to your prompt response.

Sincerely,

[Your Name]  
[Your Position]  
[Your Company Name]  
[Contact Information]

**Disclaimer:** Draft for reference only; tailor to your situation and consult your contract and legal/CO as needed.",regulation_search,5,0.3846,copilot,no,no,no
15,Why would a general contractor submit an REA and not a change order to the government?,"**Recommended steps:**

1. **Understand the Purpose of an REA**: A Request for Equitable Adjustment (REA) is typically submitted when a contractor seeks an adjustment to the contract terms due to unforeseen circumstances that increase costs or extend the schedule. It is often used when the contractor believes they are entitled to additional compensation or time but the change does not yet warrant a formal change order.

2. **Evaluate the Situation**: Determine if the situation involves a change in the scope of work, unforeseen site conditions, or other factors that affect the contract price or schedule. If the situation is not yet formalized or agreed upon by both parties, an REA is appropriate to initiate discussions.

3. **Prepare Documentation**: Compile all necessary documentation to support the REA, including cost impacts, schedule delays, and any relevant correspondence or reports. This documentation is crucial for justifying the adjustment request.

4. **Submit the REA**: Submit the REA to the Contracting Officer with a detailed explanation of the circumstances and the requested adjustment. Ensure that the submission complies with any specific contract requirements or guidelines for REAs.

5. **Negotiate with the Government**: Engage in discussions with the Contracting Officer to negotiate the terms of the adjustment. The REA process is typically less formal than a change order and allows for negotiation before a formal modification is issued.

6. **Await Government Response**: The government will review the REA and may request additional information or propose a different adjustment. Be prepared to provide further justification or negotiate terms.

For contract-specific decisions, consult the contract and/or legal counsel.",regulation_search,7,0.3793,copilot,no,no,no
16,What is the difference between a change order and an REA?,"**Comparison Table**

| Aspect                      | Change Order                                           | Request for Equitable Adjustment (REA)                  |
|-----------------------------|--------------------------------------------------------|---------------------------------------------------------|
| **Definition**              | A formal directive from the Contracting Officer to modify the contract terms, scope, or conditions. | A formal request by the contractor for an adjustment to the contract terms, typically due to unforeseen changes or impacts. |
| **Applicability**           | Used to implement changes within the general scope of the contract, such as specifications or performance methods. | Used when the contractor believes they are entitled to an adjustment due to changes not formally directed by a change order. |
| **Who Initiates**           | Contracting Officer initiates the change order.        | Contractor initiates the REA.                            |
| **Regulatory Basis**        | FAR 52.243-4 (Changes clause)                          | Typically based on FAR 52.243-1 through 52.243-4, depending on contract type. |
| **Key Implication**         | Directly modifies the contract and may require equitable adjustment if it affects cost or time. | Seeks compensation or time extension for impacts not covered by a formal change order. |

**Key Differences**
- **Initiation**: Change orders are initiated by the Contracting Officer, whereas REAs are initiated by the contractor.
- **Purpose**: Change orders directly modify the contract, while REAs are requests for compensation or time adjustments due to impacts not formally ordered.
- **Regulatory Process**: Change orders follow a formal process outlined in the contract clauses, while REAs require the contractor to substantiate their claim.

**Practical Note**: Use a change order when the government directs a change; use an REA when seeking compensation for impacts not formally directed. Always confirm with the Contracting Officer for specific procedures.",regulation_search,12,0.3589,copilot,yes,no,no
17,"If there is a safety incident, what does the government need from the general contractor?","**Recommended steps:**

1. **Notify the Contracting Officer:** As soon as practicable after a safety incident occurs, provide written notice to the Contracting Officer. Include full details of the incident, such as the nature of the incident, any injuries or damages, and immediate actions taken (DFARS 201-253(f)).

2. **Deliver Legal Documents:** If a claim or suit arises from the incident, immediately deliver all related demands, notices, summons, or other legal documents received to the Government (DFARS 201-253(f)(2)).

3. **Cooperate with Investigations:** Assist the Government in any investigations or settlements related to the incident. This includes providing evidence, securing witness attendance, and participating in the conduct of any legal proceedings (DFARS 201-253(f)(3)).

4. **Avoid Unauthorized Actions:** Do not make any voluntary payments or assume obligations related to the incident unless necessary to protect life or property, and only at your own expense (DFARS 201-253(f)(4)).

For contract-specific decisions, consult the contract and/or legal counsel.",regulation_search,5,0.5815,grounded,no,no,no
18,How do I calculate my daily rate?,"**Recommended steps:**

1. **Identify Direct Labor Rates:**
   - Review your proposal or contract documents to identify the direct labor rates. Ensure these rates are supported by payroll records or other documentation as required (DFARS 201-253).

2. **Determine Work Hours:**
   - Calculate the number of hours you work in a day. This is typically based on your standard work schedule or contract terms.

3. **Calculate Daily Rate:**
   - Multiply your hourly labor rate by the number of hours worked per day. For example, if your hourly rate is $20 and you work 8 hours a day, your daily rate would be $160.

4. **Include Additional Costs:**
   - If applicable, add any additional costs or allowances specified in your contract, such as per diem or travel expenses, to your daily rate.

5. **Review Contractual Obligations:**
   - Ensure your calculated daily rate complies with any contractual obligations or statutory requirements, such as minimum wage laws or Service Contract Labor Standards (FAR subpart 22.10).

6. **Consult the Contracting Officer:**
   - If there are any uncertainties or specific requirements in your contract, consult with the Contracting Officer for clarification.

For contract-specific decisions, consult the contract and/or legal counsel.",regulation_search,11,0.3608,copilot,yes,no,no
19,My prime contractor is not paying me. What can I do?,"**Recommended steps:**

1. **Review the Subcontract Terms:** Examine your subcontract agreement to understand the payment terms, conditions, and any clauses related to payment disputes or delays. This will help you determine if the prime contractor is in breach of contract.

2. **Notify the Prime Contractor:** Send a formal written notice to the prime contractor detailing the payment issue. Include the amount due, the due date, and any relevant contract clauses. Request a response and resolution timeline.

3. **Document Communications:** Keep detailed records of all communications with the prime contractor regarding the payment issue. This includes emails, letters, and notes from phone conversations.

4. **Contact the Contracting Officer:** If the issue remains unresolved, notify the Contracting Officer (CO) responsible for the prime contract. Provide them with documentation of the issue and your attempts to resolve it. Under FAR 52.232-27, the CO may assist in resolving payment disputes.

5. **Consider Legal Action:** If the issue persists, consult with legal counsel to explore options such as filing a claim under the Contract Disputes Act or pursuing other legal remedies.

6. **Evaluate Withholding Notices:** If applicable, review any written notices of withholding from the prime contractor to ensure they comply with FAR requirements, such as specifying the amount withheld and the reasons (FAR 52.232-27).

For contract-specific decisions, consult the contract and/or legal counsel.",regulation_search,10,0.2972,copilot,yes,yes,no
20,Draft a letter to the contracting officer regarding FAR 52.242-5 stating that the prime contractor is not paying.,"**Date:** March 18, 2026

**To:** [Contracting Officer's Name]  
[Contracting Officer's Address]  
[City, State, ZIP Code]  

**From:** [Your Name]  
[Your Position]  
[Your Company's Name]  
[Your Company's Address]  
[City, State, ZIP Code]  

**Subject:** Notification of Non-Payment by Prime Contractor under FAR 52.242-5

---

Dear [Contracting Officer's Name],

I am writing to formally notify you of an issue concerning non-payment by the prime contractor, [Prime Contractor's Name], under our subcontract agreement for [Project/Contract Name], Contract Number [Contract Number].

According to FAR 52.242-5, ""Payments to Small Business Subcontractors"" (Jan 2017), the prime contractor is required to make timely payments to subcontractors in accordance with the terms of the subcontract. However, we have not received payment for the services rendered as per the agreed schedule. This delay in payment is causing significant financial strain on our operations.

We have attempted to resolve this matter directly with [Prime Contractor's Name] through multiple communications, but unfortunately, the issue remains unresolved. As a small business subcontractor, we rely heavily on timely payments to maintain our cash flow and continue our contributions to the project.

We kindly request your assistance in addressing this matter with the prime contractor to ensure compliance with the payment terms stipulated in FAR 52.242-5. Your intervention would be invaluable in facilitating a resolution and ensuring the continued smooth operation of the project.

Please let us know if you require any additional information or documentation to assist in resolving this issue.

Thank you for your attention to this matter. We look forward to your prompt response.

Sincerely,

[Your Name]  
[Your Position]  
[Your Company's Name]  
[Your Contact Information]

---

Draft for reference only; tailor to your situation and consult your contract and legal/CO as needed.",clause_lookup,1,0.6636,grounded,no,no,no
21,What should I verify regarding bonding requirements after contract award?,"**Recommended steps:**

1. **Review Contract Clauses:** Check your contract for the specific bonding requirements included, such as FAR 52.228-15, which pertains to performance and payment bonds for construction contracts. Ensure you understand the obligations and timelines specified.

2. **Submit Executed Bonds:** Ensure that all executed bonds, including any necessary reinsurance agreements, are furnished to the Contracting Officer within the specified timeframe before starting work (FAR 52.228-15(c)).

3. **Verify Bond Form and Sureties:** Confirm that the bonds are in the correct form, supported by corporate sureties listed in Treasury Department Circular 570, or other acceptable securities as outlined in FAR 52.228-15(e).

4. **Monitor Contract Modifications:** Be aware that if the contract price increases, the Government may require additional performance and payment bond protection. This could involve increasing the penal amount of existing bonds or obtaining additional bonds (FAR 52.228-15(d)).

5. **Ensure Compliance with Additional Security:** If required, promptly furnish any additional bond security as specified in your contract (FAR 52.228-2).

6. **Communicate with the Contracting Officer:** Maintain open communication with the Contracting Officer to ensure all bonding requirements are met and documented properly.

For contract-specific decisions, consult the contract and/or legal counsel.",regulation_search,8,0.4497,copilot,no,no,no
22,"If the contracting officer and I do not agree on the legitimacy of a change order, what are the next steps?","**Recommended steps:**

1. **Notify the Contracting Officer in Writing:** Clearly document the disagreement regarding the change order. Include details such as the date, nature, and circumstances of the conduct regarded as a change, and any relevant communications or documents (FAR 52.243-4).

2. **Request a Written Response:** Ask the Contracting Officer to confirm, countermand, or deny the change, or request additional information if needed (FAR 52.243-4).

3. **Prepare for Dispute Resolution:** If the disagreement persists, prepare to address the issue through the contract's dispute resolution process. This may involve submitting a formal claim under the Disputes clause of the contract (FAR 52.233-1).

4. **Document All Communications and Costs:** Keep detailed records of all communications and any costs incurred due to the disputed change. This documentation will be crucial if the matter escalates to a formal dispute or claim.

5. **Consider Negotiation or Mediation:** Explore options for negotiation or mediation to resolve the disagreement without formal dispute proceedings, if possible.

6. **Consult Legal Counsel:** If the issue remains unresolved, consult with legal counsel to understand your rights and obligations under the contract and to prepare for potential litigation or arbitration.

For contract-specific decisions, consult the contract and/or legal counsel.",regulation_search,5,0.3636,copilot,no,no,no
23,How do you appeal an unsatisfactory CPARS?,"**Recommended steps:**

1. **Review the CPARS Rating:** Carefully examine the CPARS evaluation to understand the specific areas where the rating was deemed unsatisfactory. This will help you identify the points you need to address in your appeal.

2. **Request a Meeting:** Contact the Contracting Officer (CO) to discuss the CPARS evaluation. This initial meeting can provide clarity on the reasons for the rating and may offer an opportunity to resolve issues informally.

3. **Prepare a Rebuttal:** Draft a detailed written rebuttal addressing each point of concern in the CPARS evaluation. Include supporting documentation and evidence that counters the unsatisfactory ratings.

4. **Submit the Rebuttal:** Send your rebuttal to the CO and request that it be included in the CPARS record. Ensure that your submission is within the timeframe specified in your contract or by the CO.

5. **Follow Up:** After submitting your rebuttal, follow up with the CO to confirm receipt and discuss any further steps. This may include additional meetings or providing further documentation if required.

6. **Consider Formal Appeal:** If informal resolution is not successful, you may consider a formal appeal process. This typically involves filing a notice of appeal under the procedures outlined in the Contract Disputes Act, if applicable, or as specified in your contract (DFARS 201-253).

For contract-specific decisions, consult the contract and/or legal counsel.",regulation_search,5,0.4291,copilot,no,no,no
24,What documents do I need for a novation agreement?,"**Recommended steps:**

1. **Notify the Contracting Officer:** Inform the Contracting Officer (CO) of the need for a novation agreement as soon as possible. This is crucial to ensure all parties are aware and can begin the process.

2. **Prepare Required Documentation:** Gather the necessary documents typically required for a novation agreement. These generally include:
   - A copy of the contract to be novated.
   - A written request for novation from the contractor.
   - A draft novation agreement.
   - Evidence of the transferee's capability to perform the contract (financial statements, past performance, etc.).
   - Any required consents from third parties, such as sureties or lenders.

3. **Submit the Novation Package:** Provide the complete novation package to the CO. This package should include all the prepared documents and any additional information requested by the CO.

4. **Negotiate and Finalize:** Work with the CO to address any issues or additional requirements. Once all parties agree, finalize and execute the novation agreement.

For contract-specific decisions, consult the contract and/or legal counsel.",regulation_search,6,0.3984,copilot,no,no,no
25,What contract clauses should I review before project mobilization?,"**Key Requirements:**

1. **Commencement/Delivery**: Review FAR 52.211-10, which specifies the start date and delivery schedule for the project. This clause is crucial for understanding when mobilization must begin.

2. **Payments**: FAR 52.232-5, ""Payments Under Fixed-Price Construction Contracts,"" outlines the procedures for progress payments, which are essential for cash flow during mobilization.

3. **Changes**: FAR 52.243-4, ""Changes,"" allows for modifications to the contract terms, which can impact mobilization plans if scope changes occur.

4. **Suspension**: FAR 52.242-14, ""Suspension of Work,"" provides the government the right to suspend work, which can affect mobilization timelines and costs.

5. **Termination/Default**: FAR 52.249-10, ""Default (Fixed-Price Construction),"" details the conditions under which a contract can be terminated for default, impacting mobilization if not adhered to.

**Applicability:**

- These clauses apply to fixed-price construction contracts and are relevant to contractors preparing for project mobilization.

**Practical Note:**

- Ensure all mobilization activities align with the contract's specified start date and payment terms to avoid cash flow issues. Confirm details with the Contracting Officer for any project-specific requirements.",regulation_search,7,0.3864,copilot,no,no,no
26,Are professional services to help with REAs allowable costs?,"**Key Requirements:**

- Professional and consultant services costs are generally allowable if they are reasonable in relation to the services rendered and not contingent upon recovery from the Government (FAR 31.205-33(b)).
- Costs are unallowable if the services are intended to improperly influence government actions or involve illegal activities (FAR 31.205-33(c)).
- The costs must not be contingent upon the outcome of the REA (Request for Equitable Adjustment) process (FAR 31.205-33(b)).

**Applicability:**

- These provisions apply to contractors seeking reimbursement for costs under federal contracts where cost principles are applicable, typically cost-reimbursement contracts.

**Practical Note:**

- Ensure that the professional services are documented as necessary and reasonable, and that they comply with all relevant legal and ethical standards. Confirm with your Contracting Officer for specific contract terms.",regulation_search,6,0.5362,grounded,no,no,no
27,"As a Project Executive, analyze the RFI requirements during the pre-award phase of a federal construction project and recommend actions to ensure compliance with contract requirements.","**Date:** March 18, 2026  
**To:** Contracting Officer  
**From:** [Your Name], Project Executive  
**Subject:** Analysis and Recommendations for RFI Requirements During Pre-Award Phase

---

**Body:**

**1. Situation/Context:**

As a Project Executive overseeing the pre-award phase of a federal construction project, it is crucial to ensure that all Request for Information (RFI) requirements are thoroughly analyzed and addressed to maintain compliance with federal regulations and contract stipulations. This analysis aims to identify the necessary actions to ensure compliance and facilitate a smooth transition into the contract execution phase.

**2. Applicable Regulations:**

Upon reviewing the relevant federal acquisition regulations, the following clauses and sections are pertinent to the RFI process during the pre-award phase:

- **FAR 52.236-21**: Specifications and Drawings for Construction. This clause emphasizes the importance of adhering to the specifications and drawings provided in the contract documents. It is essential to ensure that any RFIs related to these documents are addressed promptly to avoid misunderstandings or deviations during construction.

- **FAR 52.236-26**: Preconstruction Conference. Although this clause primarily pertains to the post-award phase, it highlights the importance of clear communication and understanding of contract requirements, which can be initiated during the pre-award phase through RFIs.

**3. Recommended Actions:**

- **Thorough Review of Contract Documents**: Conduct a detailed review of all contract documents, including specifications and drawings, to identify any areas that may require clarification through RFIs. This proactive approach will help in formulating precise and relevant RFIs.

- **Timely Submission of RFIs**: Ensure that all RFIs are submitted in a timely manner, allowing sufficient time for the Contracting Officer to provide responses before the award of the contract. This will help in mitigating any potential delays or issues during the construction phase.

- **Documentation and Tracking**: Implement a robust system for documenting and tracking all RFIs and responses. This will ensure that all communications are recorded and can be referenced throughout the project lifecycle.

- **Coordination with Stakeholders**: Engage with all relevant stakeholders, including architects, engineers, and subcontractors, to gather input and ensure that all potential issues are addressed through RFIs before contract award.

**Closing:**

By following these recommended actions, we can ensure compliance with federal regulations and contract requirements during the pre-award phase of the construction project. Please feel free to reach out if further discussion or clarification is needed.

Sincerely,

[Your Name]  
Project Executive

**Disclaimer:** Draft for reference only; tailor to your situation and consult your contract and legal/CO as needed.",regulation_search,8,0.2023,copilot,no,yes,yes
28,Can I appeal my CPARS rating?,"**Recommended steps:**

1. **Review the CPARS Evaluation:** Carefully review the CPARS rating and narrative to understand the specific areas of concern and the rationale provided by the government.

2. **Request a Meeting:** Contact the Contracting Officer (CO) to discuss the CPARS evaluation. This is an opportunity to provide additional context or information that may not have been considered.

3. **Submit a Rebuttal:** If you disagree with the CPARS rating, you can submit a rebuttal through the CPARS system. Clearly articulate your points of disagreement and provide supporting evidence or documentation.

4. **Request a Review:** If the issue is not resolved through the initial rebuttal, you may request a higher-level review. This involves asking the CO to escalate the matter to a reviewing official within the agency.

5. **Consider Alternative Dispute Resolution (ADR):** If the disagreement persists, consider using ADR methods, such as mediation, to resolve the dispute. This can be a less formal and more expedient way to address the issue.

6. **Consult Legal Counsel:** If necessary, consult with legal counsel to explore further options, including potential appeals through formal channels like the Armed Services Board of Contract Appeals, if applicable.

For contract-specific decisions, consult the contract and/or legal counsel.",regulation_search,5,0.4386,copilot,no,no,no
29,What should I prepare for the government preconstruction conference?,"**Key Requirements:**

1. **Review Contract Documents**: Ensure you have a thorough understanding of the contract, including all specifications, drawings, and any special provisions. This will be crucial for discussing project scope and requirements.

2. **Prepare a Project Schedule**: Develop a preliminary project schedule outlining major milestones, critical path activities, and key deliverables. This will help facilitate discussions on timelines and resource allocation.

3. **Safety Plan**: Prepare a comprehensive safety plan in accordance with EM 385-1-1 standards. This should include site-specific safety measures, emergency procedures, and compliance with OSHA regulations.

4. **Quality Control Plan**: Develop a quality control plan that outlines procedures for ensuring compliance with contract requirements and maintaining quality standards throughout the project.

5. **Subcontractor and Supplier Information**: Gather information on all subcontractors and suppliers, including their roles, responsibilities, and compliance with contract requirements.

**Applicability:**

- These preparations are generally applicable to all federal construction contracts and are essential for ensuring compliance and effective project management.

**Practical Note:**

- Confirm with the Contracting Officer (CO) for any additional project-specific requirements or documentation needed for the preconstruction conference.",regulation_search,6,0.4194,copilot,no,no,no
30,What certification do I need to put on my REA?,"**Key Requirements:**
- The retrieved documents do not explicitly specify a certification required for a Request for Equitable Adjustment (REA).
- Typically, an REA should include a certification of the claim's accuracy and completeness, often similar to the certification required for claims under the Contract Disputes Act (CDA).

**Applicability:**
- This certification is generally required for claims exceeding $100,000 under the CDA, which may be applicable to REAs depending on the contract terms.

**Practical Note:**
- Verify the specific certification requirements in your contract and consult your Contracting Officer to ensure compliance with any specific certification needed for your REA.",regulation_search,14,0.2244,copilot,yes,yes,yes
31,Add the FAR default clause to a letter and include DFARS clause 252.236-7000.,"**Key Requirements:**

- **FAR Default Clause**: Typically, the FAR default clause is FAR 52.249-8, ""Default (Fixed-Price Supply and Service)."" This clause outlines the conditions under which the government can terminate a contract for default and the contractor's rights and obligations in such an event.
  
- **DFARS Clause 252.236-7000**: Unfortunately, the retrieved documents do not contain the text for DFARS 252.236-7000. You should verify the specific requirements of this clause in the DFARS to ensure accurate inclusion in your letter.

**Applicability:**

- **FAR Default Clause**: Applies to fixed-price supply and service contracts. It is crucial for contractors to understand the conditions that could lead to a default termination and the potential consequences.
  
- **DFARS Clause 252.236-7000**: Typically relates to construction contracts, but the specific applicability should be confirmed by reviewing the DFARS directly.

**Practical Note:**

- **Action**: To include these clauses in your letter, ensure you have the correct and complete text from the FAR and DFARS. Consult the DFARS for the exact language of clause 252.236-7000, as it was not provided in the retrieved documents. If in doubt, contact your Contracting Officer for guidance.",clause_lookup,4,0.3545,grounded,yes,no,no
32,There was a delay in getting badges for my employees. Draft a letter to the contracting officer seeking an REA.,"**Date:** March 18, 2026

**To:** [Contracting Officer's Name]  
[Contracting Officer's Address]  
[City, State, ZIP Code]

**From:** [Your Name]  
[Your Position]  
[Your Company's Name]  
[Your Company's Address]  
[City, State, ZIP Code]

**Subject:** Request for Equitable Adjustment Due to Delay in Employee Badges

---

Dear [Contracting Officer's Name],

I am writing to formally request a Request for Equitable Adjustment (REA) concerning the delay in obtaining badges for our employees, which has impacted our performance under Contract No. [Contract Number].

**Situation/Context:**

Our contract requires that all personnel working on-site possess valid identification badges to access the facilities. Unfortunately, there has been an unexpected delay in the issuance of these badges, which has hindered our ability to deploy our workforce effectively and meet the project timelines as stipulated in the contract.

**Applicable Clauses:**

While the retrieved documents do not provide specific guidance on delays related to badge issuance, it is important to note that such procedural delays can affect contract performance and may warrant an adjustment. The contract and relevant FAR/DFARS clauses typically outline the procedures for addressing such issues. I recommend reviewing the specific terms of our contract and consulting with the Contracting Officer for applicable clauses.

**Request:**

Given the circumstances, we respectfully request an equitable adjustment to the contract to account for the additional costs and time incurred due to this delay. We believe this adjustment is necessary to realign the contract terms with the current project conditions and ensure successful completion.

We are prepared to provide any additional documentation or information required to facilitate this request and are open to discussing potential solutions to mitigate further delays.

Thank you for your attention to this matter. We look forward to your guidance and a resolution that supports the continued success of our project.

Sincerely,

[Your Name]  
[Your Position]  
[Your Company's Name]  
[Your Contact Information]

---

Draft for reference only; tailor to your situation and consult your contract and legal/CO as needed.",regulation_search,6,0.3989,copilot,no,no,no
33,The government has denied an outage request on the critical path. What should I do and write a letter regarding delays and impacts.,"**Date:** March 18, 2026  
**To:** Contracting Officer  
**From:** [Your Company Name]  
**Subject:** Notification of Delays and Impacts Due to Denied Outage Request  

---

Dear [Contracting Officer's Name],

I am writing to formally notify you of the delays and impacts resulting from the recent denial of our outage request, which is critical to the timely completion of our contract work. This request was essential to the progress of the project and its denial has significant implications on the project schedule.

**Situation/Context:**

On [insert date of outage request], we submitted a request for an outage that is crucial to the critical path of our project. The denial of this request has resulted in unforeseen delays and potential disruptions to the project timeline. As per the contract, we are obligated to inform you of any circumstances that may affect the timely completion of the work.

**Applicable Clauses:**

According to FAR 52.236-2, the Contracting Officer is responsible for ascertaining the facts and the extent of any delay. If the findings warrant such action, the time for completing the work may be extended. The findings of the Contracting Officer are final and conclusive, subject to appeal under the Disputes clause.

Additionally, FAR 52.249-10 outlines that if the delay arises from causes beyond the control and without the fault or negligence of the Contractor, such as acts of the Government or other uncontrollable events, the Contractor may not be charged with damages for the delay.

**Request/Action:**

Given the circumstances, we request a meeting to discuss the potential for an equitable adjustment to the contract schedule. We believe that the denial of the outage request constitutes a change that impacts our ability to perform under the original terms of the contract. We are prepared to provide detailed documentation of the delays and disruptions caused by this denial, as well as any adjustments to the contract price, delivery schedule, and other provisions affected by this change (FAR 52.243-4).

We appreciate your attention to this matter and look forward to resolving this issue in a manner that is fair and equitable to all parties involved.

Thank you for your understanding and cooperation.

Sincerely,

[Your Name]  
[Your Position]  
[Your Company Name]  
[Contact Information]

---

Draft for reference only; tailor to your situation and consult your contract and legal/CO as needed.",regulation_search,5,0.394,copilot,no,no,no
34,Add language indicating that time and cost impacts are unknown at this time and include serial letter numbering.,"**Date:** March 18, 2026

**To:** Contracting Officer

**From:** [Your Company Name]

**Subject:** Serial Letter No. 001 - Notification of Unknown Time and Cost Impacts

---

**Body:**

Dear Contracting Officer,

We are writing to formally notify you of a situation that may impact the performance of our contract. At this time, we are unable to determine the specific time and cost impacts associated with the current circumstances. 

In accordance with the requirements outlined in DFARS 201-253, we are committed to providing a detailed proposal that includes all necessary supporting documentation once the impacts are fully understood. This will include, but is not limited to, the methodology used to develop any revised direct labor rates and the basis for each estimate, as well as any escalation factors for out-year labor rates (DFARS 201-253).

We understand the importance of timely and accurate information and will continue to monitor the situation closely. We will provide updates as more information becomes available and will submit a comprehensive proposal in accordance with FAR 15.408, Table 15-2, Section II, once we have a clearer understanding of the impacts.

Please feel free to contact us if you require any further information or immediate clarification on any aspect of this notification.

**Closing:**

Sincerely,

[Your Name]  
[Your Position]  
[Your Company Name]  
[Contact Information]

---

Draft for reference only; tailor to your situation and consult your contract and legal/CO as needed.",regulation_search,4,0.2531,copilot,no,yes,no
35,Generate a government property tracking form.,"**Header:**

Date: March 18, 2026  
To: Contracting Officer  
From: [Your Company Name]  
Subject: Government Property Tracking Form Submission  

**Body:**

Dear [Contracting Officer's Name],

We are submitting the Government Property Tracking Form as part of our compliance with the requirements for managing Government-furnished property (GFP) under our current contract. This submission is in accordance with the regulations and clauses outlined in the Defense Federal Acquisition Regulation Supplement (DFARS) and the Federal Acquisition Regulation (FAR).

1. **Situation/Context:**
   Our contract requires us to manage and report on Government-furnished property. As part of this responsibility, we are utilizing the Government Furnished Property (GFP) module of the Procurement Integrated Enterprise Environment (PIEE) to ensure accurate tracking and reporting.

2. **Applicable Regulations:**
   - According to DFARS 201-253, we are required to report the receipt, transfer, shipment, and incorporation of GFP into higher-level components using the GFP module. This module also facilitates the generation of necessary shipping documents and inventory disposal schedules.
   - FAR 52.245-1 mandates that we report any loss of Government property and maintain comprehensive records of all Government property accountable to the contract.

3. **Request/Action:**
   We have completed the necessary entries in the GFP module and are submitting the electronic equivalents of the required forms, including the DD Form 1149 and SF 1428, as applicable. We request your review and approval of these submissions to ensure compliance with contract requirements.

Please let us know if there are any additional steps or documentation required from our side to facilitate this process. We are committed to maintaining transparency and accuracy in our property management practices.

**Closing:**

Thank you for your attention to this matter. We look forward to your confirmation of receipt and any further instructions you may have.

Sincerely,

[Your Name]  
[Your Position]  
[Your Company Name]  
[Contact Information]

**Disclaimer:**  
Draft for reference only; tailor to your situation and consult your contract and legal/CO as needed.",regulation_search,7,0.4041,copilot,no,no,no
36,What FAR clauses can be the basis of an REA?,"**Key Requirements:**
- A Request for Equitable Adjustment (REA) is typically based on clauses that allow for contract adjustments due to changes in the work or unforeseen conditions.
- **FAR 52.243-1 to 52.243-4**: These clauses cover changes to fixed-price contracts, cost-reimbursement contracts, and other contract types, allowing for equitable adjustments when the government changes the scope of work.
- **FAR 52.236-2**: This clause addresses differing site conditions, which can be a basis for an REA if unexpected physical conditions are encountered during construction.
- **FAR 52.242-14**: Suspension of Work clause, which allows for adjustments if work is suspended by the government and results in increased costs or time extensions.
- **FAR 52.249-10**: Default (Fixed-Price Construction) clause, which can be invoked if delays or changes are not the contractor's fault, potentially leading to an REA.

**Applicability:**
- These clauses apply to various contract types, including fixed-price and cost-reimbursement contracts.
- They are relevant when the government initiates changes or when unforeseen conditions impact contract performance.

**Practical Note:**
- When considering an REA, review the specific contract clauses and consult the Contracting Officer to ensure compliance with the contract terms and conditions.",regulation_search,6,0.6208,grounded,no,no,no
37,Can you recommend a government contracts attorney?,"I don't have the ability to recommend specific attorneys or firms. However, you might consider searching for government contracts attorneys through professional directories such as the American Bar Association or Martindale-Hubbell. Additionally, seeking referrals from colleagues or industry associations can be a helpful way to find qualified legal professionals.

I'm specialized in regulatory topics like FAR, DFARS, EM385, and OSHA. If you have questions about these areas, I can provide more detailed, citation-backed information.",other,0,,copilot,no,no,no
38,Export the response to a Word document.,"This appears to be a product/system-related question.

The current interface supports chat-based querying and evidence viewing. Direct document upload or export features may not be available in this interface.

If you need to work with documents, please check with your administrator or refer to platform documentation.",other,0,,copilot,no,no,no
39,We were digging a footing and ran into an unexpected gas line not shown on the drawings. What should we do?,"**Recommended steps:**

1. **Stop Work Immediately:** Cease all excavation activities in the vicinity of the gas line to prevent any potential hazards or damage.

2. **Notify the Contracting Officer (CO):** Under typical federal contracting practices, promptly inform the CO about the discovery of the unexpected gas line. This is crucial for safety and compliance.

3. **Document the Discovery:** Record the location, condition, and any other relevant details of the gas line. Take photographs and note the GPS coordinates if possible.

4. **Conduct a Safety Assessment:** Engage a qualified safety officer or engineer to assess the situation and determine any immediate safety risks. Ensure that all personnel are kept at a safe distance until the area is deemed secure.

5. **Coordinate with Utility Providers:** Contact the local utility company responsible for the gas line to verify its status and obtain guidance on how to proceed safely.

6. **Review Contract Requirements:** Check the contract for any specific clauses related to unforeseen site conditions or utility relocations. This may involve clauses related to differing site conditions (e.g., FAR 52.236-2).

For contract-specific decisions, consult the contract and/or legal counsel.",regulation_search,6,0.4048,copilot,no,no,no
40,What is the deadline for filing a protest?,"**Key Requirements:**

- **Protests to GAO:** According to DFARS 233.104(c), a protest must be filed with the Government Accountability Office (GAO) within 10 days after the date of contract award or within 10 days after a debriefing date, whichever is later.
- **Protests After Award:** FAR 33.104(c)(1) also outlines that protests after award should be filed within these same timeframes to ensure the contracting officer takes appropriate action, such as suspending performance or terminating the contract.

**Applicability:**

- These deadlines apply to protests filed with the GAO regarding federal contract awards.
- The specific timing may vary based on whether the protest is related to the award itself or the debriefing provided.

**Practical Note:**

- Always verify the specific protest deadlines in your contract and consult with your Contracting Officer to ensure compliance with the applicable procedures and timelines.",regulation_search,7,0.447,copilot,no,no,no
41,What are the roles and responsibilities of a federal construction quality control manager?,"**Key Requirements:**
1. **Quality Assurance Program**: The federal construction quality control manager is responsible for developing and managing a systematic, cost-effective quality assurance program to ensure contract performance conforms to specified requirements (DFARS 246.102).
2. **Nonconforming Supplies or Services**: They must address nonconforming supplies or services, ensuring defects are corrected, and coordinate with the contracting officer if issues arise post-acceptance (DFARS 246.407).
3. **Compliance with Standards**: Ensure compliance with applicable safety and quality standards, such as those outlined in quality assurance publications and reciprocal agreements (DFARS 201-253).
4. **Coordination with Government Personnel**: Work closely with U.S. Government personnel and contractors to inform and implement quality assurance measures effectively (DFARS 201-253).

**Applicability:**
- These responsibilities typically apply to federal construction projects involving contracts with the Department of Defense or other federal agencies.
- The role is crucial in projects where quality assurance is delegated or involves international agreements.

**Practical Note:**
- It is essential for the quality control manager to maintain thorough documentation of quality assurance activities and communicate effectively with the contracting officer to address any issues promptly.

For critical decisions, always confirm with the Contracting Officer or refer to the specific contract terms.",regulation_search,10,0.3814,copilot,yes,no,no
42,What should we do if a vendor cannot match the specifications?,"**Key Requirements:**

1. **Notify the Contracting Officer**: If a vendor cannot meet the specifications, promptly notify the Contracting Officer in writing. This is crucial for addressing any potential nonconformance issues (FAR 52.246-2).

2. **Correct or Replace**: The Contracting Officer may require the contractor to correct or replace the nonconforming supplies at no additional cost, following a reasonable delivery schedule agreed upon by both parties (FAR 52.246-2).

3. **Price Adjustment**: If correction or replacement is not feasible, the Contracting Officer may opt to retain the supplies and reduce the contract price equitably (FAR 52.246-2).

4. **Transportation Costs**: If supplies are returned for correction or replacement, the contractor typically bears the transportation costs (FAR 52.246-2).

**Applicability:**

- These requirements generally apply to contracts involving the delivery of supplies and are subject to the specific terms outlined in the contract.

**Practical Note:**

- Always consult the specific contract terms and coordinate with the Contracting Officer to determine the appropriate course of action. Confirm with CO/contract for critical decisions.",regulation_search,5,0.5336,grounded,no,no,no
43,Write an RFI in standard NAVFAC form for this issue.,"**Date:** March 18, 2026

**To:** Contracting Officer

**From:** [Your Company Name]

**Subject:** Request for Information (RFI) Regarding Proposal Submission Requirements

---

**Body:**

We are currently in the process of preparing our proposal submission for the upcoming contract opportunity. In reviewing the requirements, we have identified several areas where we require further clarification to ensure our submission is fully compliant with the applicable regulations and guidelines.

1. **Escalation Factors for Indirect Costs:**
   We seek clarification on the requirement for identifying escalation factors used to escalate indirect costs for the out-years. Specifically, we need guidance on the acceptable basis for each factor used, as outlined in DFARS Section 201-253 (Document 1).

2. **Cost Estimating Relationships:**
   Our proposal includes cost estimating relationships based on labor hours and materials. We request confirmation that our approach aligns with the requirements specified in FAR 15.408, Table 15-2, Section II, Paragraph A or B, as referenced in DFARS Section 201-253 (Document 2).

3. **Cost Element Breakdown Format:**
   We intend to provide cost element breakdowns in our proposal. Please confirm if the format we plan to use complies with the requirements of FAR 15.408, Table 15-2, Section III, as indicated in DFARS Section 201-253 (Document 3).

4. **Direct Costs and Travel Expenses:**
   Our proposal includes direct costs related to travel. We request guidance on the level of detail required for travel expenses, including the number of trips, people, days per trip, and associated rates, as per FAR 15.408, Table 15-2, Section II, Paragraph D (Document 4).

5. **Indirect Costs Basis of Estimate:**
   We seek confirmation on the requirements for indicating the basis of estimate for proposed indirect costs and how they are applied, as outlined in FAR 15.408, Table 15-2, Section II, Paragraph C (Document 5).

We appreciate your assistance in providing the necessary clarifications to ensure our proposal meets all regulatory requirements. Please let us know if there are any additional documents or information we should review.

**Closing:**

Thank you for your attention to this matter. We look forward to your prompt response.

Sincerely,

[Your Name]  
[Your Position]  
[Your Company Name]  
[Your Contact Information]

---

Draft for reference only; tailor to your situation and consult your contract and legal/CO as needed.",regulation_search,5,0.2592,copilot,no,yes,no
44,"Rephrase the answer to include all applicable FAR, DFARS, and EM-385 requirements.","**Key Requirements:**

- **FAR 52.204-10**: Requires reporting of executive compensation and first-tier subcontract awards for contracts at or above the threshold specified in FAR 4.1403(a).
- **FAR 52.222-19**: Applies to contracts for supplies exceeding the micro-purchase threshold, enforcing cooperation with authorities regarding child labor.
- **FAR 52.222-35**: Mandates equal opportunity for veterans in contracts valued at or above the threshold specified in FAR 22.1303(a).
- **FAR 52.222-54**: Requires employment eligibility verification for contractor employees under E.O. 12989.
- **FAR 52.222-55**: Establishes minimum wages for contractor workers under Executive Order 14026.

**Applicability:**

- These clauses apply to federal contracts meeting specific value thresholds and conditions as outlined in each clause.
- The applicability of these clauses depends on the contract type, location, and specific thresholds mentioned in the FAR.

**Practical Note:**

- Ensure compliance with these clauses by reviewing contract-specific thresholds and conditions. Confirm with the Contracting Officer for any clarifications or updates on clause applicability.",regulation_search,7,0.4368,copilot,no,no,no
45,What are my rights as a contractor during a debrief?,"**Key Requirements:**

- **Requesting a Debriefing**: As a contractor, you have the right to request a postaward debriefing if you are a successful or unsuccessful offeror for contract awards valued at $15 million or more. The request must be made within 3 days of notification of contract award (DFARS 215.506(b)).

- **Content of Debriefing**: The debriefing will include information such as the Government's evaluation of significant weaknesses or deficiencies in your proposal, the overall evaluated cost or price, and the technical rating of the successful offeror and yourself. It will also include the overall ranking of all offerors, a summary of the rationale for the award, and reasonable responses to relevant questions about whether source selection procedures contained in the solicitation, applicable regulations, and other applicable authorities were followed (FAR 15.506(d)).

- **Follow-up Questions**: You have the right to submit additional written questions related to the debriefing within 2 business days after receiving it. The agency must respond to these questions within 5 business days (DFARS 215.506-70).

- **Confidentiality**: The debriefing will protect the confidential and proprietary information of other offerors (DFARS 215.506(b)).

**Applicability:**

- These rights apply to contractors involved in competitive negotiated solicitations for contract awards valued at $15 million or more.

**Practical Note:**

- Ensure you submit your debriefing request promptly within the 3-day window and prepare any follow-up questions to maximize the benefit of the debriefing. Confirm with your Contracting Officer for specific procedures related to your contract.",regulation_search,6,0.5713,grounded,no,no,no
46,How do I access the process guidance agent?,"This appears to be a product/system-related question.

The current interface supports chat-based querying and evidence viewing. Direct document upload or export features may not be available in this interface.

If you need to work with documents, please check with your administrator or refer to platform documentation.",other,0,,copilot,no,no,no
47,I was just issued a job as a project manager for a federal design-bid-build construction project through NAVFAC. Provide the first 10 steps.,"**Recommended steps:**

1. **Review Contract Documents:** Thoroughly review all contract documents, including specifications, drawings, and any amendments. Pay special attention to clauses related to construction schedules (FAR 52.236-15) and specifications (FAR 52.236-21).

2. **Attend Preconstruction Conference:** Participate in the preconstruction conference to discuss project details, expectations, and any initial concerns. This is typically required under FAR 52.236-26.

3. **Conduct Site Visit:** If not already done, conduct a site visit to assess the project location and identify any potential issues or constraints (FAR 52.236-27).

4. **Establish Project Schedule:** Develop a detailed project schedule that aligns with contract requirements and submit it for approval. Ensure it includes all critical milestones and deadlines (FAR 52.236-15).

5. **Coordinate with Stakeholders:** Establish communication with key stakeholders, including the Contracting Officer, subcontractors, and suppliers, to ensure alignment and address any coordination needs.

6. **Verify Compliance with Safety Standards:** Ensure compliance with safety standards, including EM 385-1-1 and any specific NAVFAC safety requirements. Implement a safety plan and conduct initial safety briefings.

7. **Set Up Project Controls:** Implement project controls for tracking progress, budget, and quality. This includes setting up systems for documentation and reporting.

8. **Organize Resources:** Confirm the availability of necessary resources, including labor, equipment, and materials. Ensure all resources meet the contract's quality and compliance standards.

9. **Develop Risk Management Plan:** Identify potential risks and develop a risk management plan to mitigate them. This should include contingency plans for common construction challenges.

10. **Initiate Construction Activities:** Begin construction activities in accordance with the approved schedule and contract requirements. Monitor progress closely and maintain regular communication with the Contracting Officer.

For contract-specific decisions, consult the contract and/or legal counsel.",regulation_search,11,0.3288,copilot,yes,no,no
48,How do I upload submittal documents?,"That sounds like a question about using the platform rather than a regulation. Could you clarify?

- If you're asking about a **regulatory requirement** (e.g., submittal requirements under FAR/DFARS), I can help with that.
- If you're asking about **how to use this tool**, that's outside my scope — please contact support.",clarifier,0,,clarify,no,no,no
49,How can I upload the specifications?,"That sounds like a question about using the platform rather than a regulation. Could you clarify?

- If you're asking about a **regulatory requirement** (e.g., submittal requirements under FAR/DFARS), I can help with that.
- If you're asking about **how to use this tool**, that's outside my scope — please contact support.",clarifier,0,,clarify,no,no,no
50,How do I load the submittal registry?,"That sounds like a question about using the platform rather than a regulation. Could you clarify?

- If you're asking about a **regulatory requirement** (e.g., submittal requirements under FAR/DFARS), I can help with that.
- If you're asking about **how to use this tool**, that's outside my scope — please contact support.",clarifier,0,,clarify,no,no,no
51,What is a PPI?,"“PPI” can mean multiple things depending on context. Which one do you mean?

1. Past Performance Information (common in FAR source selection / past performance context)
2. Producer Price Index (economics / escalation index)
3. Pre-Purchase Inspection (quality/inspection context)

If you share the sentence/section where it appears (or whether this is FAR/DFARS/EM385 vs your contract specs), I can answer precisely.",regulation_search,0,,clarify,no,no,no
52,"As a Project Manager, analyze submittal requirements during the pre-award phase of a federal construction project and recommend actions to ensure compliance.","**Key Requirements:**

1. **Affirmative Action Compliance**: Ensure that the solicitation includes the provision for affirmative action to ensure equal employment opportunity for construction (FAR 52.222-23). This involves setting goals for minority and female participation in the workforce.
   
2. **Pre-Award Surveys**: Collaborate with the contracting office and the Defense Contract Management Agency (DCMA) to determine the scope of pre-award surveys. This helps assess the contractor's capability to meet contract requirements (DFARS 201-253).

3. **Submittal of Cost Estimates**: Be prepared to provide reliable and accurate cost estimates for the project. The contracting officer may require supplementary analysis as part of the progress payment request (DFARS 232.503-15).

4. **Business Systems Approval**: Ensure that contractor business systems are approved as per DFARS 252.242-7005. This includes maintaining compliance with trafficking in persons requirements and other relevant clauses (DFARS 201-253).

**Applicability:**

- These requirements apply to federal construction contracts, particularly those involving affirmative action and pre-award assessments.
- Contractors involved in DoD contracts must adhere to specific DFARS clauses regarding business systems and compliance monitoring.

**Practical Note:**

- As a Project Manager, ensure all submittals are complete and compliant with the solicitation requirements. Engage with the Contracting Officer early to clarify any uncertainties and confirm specific submittal requirements outlined in the contract.",regulation_search,6,0.4473,copilot,no,no,no
53,"As a Project Manager, analyze RFI requirements during the pre-award phase of a federal construction project and recommend actions to ensure compliance.","**Header:**

Date: March 18, 2026  
To: Contracting Officer  
From: [Your Name], Project Manager  
Subject: Analysis and Recommendations for RFI Requirements Compliance in Pre-Award Phase of Federal Construction Project  

**Body:**

Dear Contracting Officer,

I am writing to provide an analysis of the Request for Information (RFI) requirements during the pre-award phase of our federal construction project and to recommend actions to ensure compliance with applicable regulations.

**Situation/Context:**

During the pre-award phase of federal construction projects, it is crucial to adhere to specific requirements to ensure compliance and facilitate a smooth contracting process. This includes understanding the obligations related to data submission and the handling of RFIs.

**Applicable Regulations:**

1. **Data Submission Requirements:** According to DFARS 215.503, the contracting officer must ensure that the contract does not require the contractor to deliver data already provided or obligated under another contract. This implies that any RFI related to data should consider existing obligations to avoid unnecessary duplication of data submissions.

2. **Postaward Debriefing and RFI Opportunities:** While not directly related to the pre-award phase, DFARS 215.506-70 outlines the opportunity for follow-up questions after a postaward debriefing. This highlights the importance of clear communication and timely responses to RFIs, which can be applied to pre-award interactions to ensure all parties have the necessary information to proceed effectively.

**Recommended Actions:**

1. **Review Existing Data Obligations:** Before submitting any RFIs related to data, review existing contracts to identify any data that has already been delivered or is obligated to be delivered. This will help avoid duplication and ensure compliance with DFARS 215.503.

2. **Establish Clear Communication Channels:** Set up a structured process for submitting and responding to RFIs. This should include timelines for responses and a designated point of contact to facilitate efficient communication.

3. **Document All RFI Interactions:** Maintain thorough records of all RFI submissions and responses. This documentation will be invaluable for ensuring compliance and for reference during any postaward debriefings or follow-up questions.

By implementing these recommendations, we can ensure compliance with the relevant DFARS and FAR requirements and facilitate a more efficient pre-award process.

**Closing:**

Thank you for your attention to this matter. Please feel free to reach out if you have any questions or require further clarification on the proposed actions.

Sincerely,

[Your Name]  
Project Manager  

**Disclaimer:**  
Draft for reference only; tailor to your situation and consult your contract and legal/CO as needed.",regulation_search,6,0.3086,copilot,no,no,no
54,What does a project manager do on a federal construction project?,"**Key Responsibilities of a Project Manager on a Federal Construction Project:**

1. **Contract Compliance**: Ensure that the project adheres to all applicable federal regulations, including FAR and DFARS clauses, and specific contract requirements.
   
2. **Budget and Schedule Management**: Oversee the project budget and schedule, ensuring that the project is completed on time and within budget. This includes managing resources and coordinating with subcontractors and suppliers.

3. **Quality Assurance**: Implement quality control measures to ensure that construction meets the required standards and specifications. This involves regular inspections and testing of materials and workmanship.

4. **Safety Management**: Enforce safety standards as per EM 385-1-1 and OSHA regulations to ensure a safe working environment for all personnel on site.

5. **Communication and Coordination**: Act as the primary point of contact between the contracting agency and the construction team, facilitating clear communication and coordination among all stakeholders.

6. **Risk Management**: Identify potential risks to the project and develop mitigation strategies to address them proactively.

**Applicability:**

- These responsibilities apply to project managers on federal construction projects, including those involving military and civil public works as outlined in DFARS 242.202(a)(i)(L).

**Practical Note:**

- Always confirm specific project requirements and responsibilities with the Contracting Officer (CO) and review the contract documents thoroughly to ensure compliance with all federal regulations and project-specific clauses.",regulation_search,6,0.5273,grounded,no,no,no
55,"As a Project Manager, analyze safety requirements during the post-award phase of a federal construction project and recommend actions to ensure compliance.","**Key Requirements:**

1. **Site Safety and Health Plan (SSHP):** Develop a comprehensive SSHP addressing safety and occupational health (SOH) hazards for each phase of site operations. This plan should include procedures for employee protection and address specific processes that may disturb or release contaminants (EM385 36-7.a).

2. **Activity Hazard Analysis (AHA):** Conduct AHAs for each job step to identify hazards and contamination exposure routes. Implement exposure controls to minimize worker exposure (EM385 36-6.a, 36-6.b).

3. **Training Requirements:** Ensure all employees are trained on health hazards such as asbestos, lead paint, and hazardous chemicals, as identified by an Industrial Hygienist (IH) or Qualified Person (QP) (EM385 37-3.d).

4. **Medical Surveillance:** Implement medical surveillance for employees involved in hazardous waste cleanup operations, with examinations prior to assignment, annually, upon exposure symptoms, and at employment termination (EM385 4).

5. **Emergency Response Planning:** Arrange and rehearse emergency response services with local providers to ensure readiness in case of incidents (EM385 36-5.e).

**Applicability:**

- These requirements apply to federal construction projects involving environmental cleanup and potential exposure to hazardous materials.
- Both USACE and contractor personnel must comply with these safety and health standards.

**Practical Note:**

Ensure continuous coordination with the Safety and Health Officer (SOHO) and maintain open communication with the Contracting Officer to address any variances or updates in safety requirements. Confirm with your contract and CO for specific compliance actions.",regulation_search,7,0.5315,grounded,no,no,no
56,We discovered an oil tank that is not on the drawings. What do we do next?,"**Recommended steps:**

1. **Notify the Contracting Officer (CO):** Immediately inform the CO in writing about the discovery of the oil tank that is not shown on the drawings. This is crucial for any potential contract modifications or safety considerations (FAR 52.243-4).

2. **Document the Discovery:** Record the location, size, and condition of the oil tank. Include photographs and any other relevant details that might assist in assessing the situation.

3. **Submit a Request for Information (RFI):** If the presence of the oil tank could impact the project scope, timeline, or safety, submit an RFI to the CO for clarification on how to proceed. This will help in determining whether a contract modification is necessary.

4. **Conduct a Safety Assessment:** Evaluate any potential safety hazards associated with the oil tank, such as leaks or structural integrity issues. Follow EM385 guidelines for safety practices, especially if the tank is a fuel oil tank (EM385 19-8.e).

5. **Coordinate with Environmental and Safety Personnel:** Engage with environmental and safety experts to assess any environmental impacts or compliance requirements related to the oil tank.

6. **Await Further Instructions:** Follow any additional instructions provided by the CO or relevant authorities, which may include removal, relocation, or integration of the tank into the project plans.

For contract-specific decisions, consult the contract and/or legal counsel.",regulation_search,10,0.3143,copilot,yes,no,no
57,What is SIOP?,"“SIOP” can mean multiple things depending on context. Which one do you mean?

1. Sales, Inventory & Operations Planning (business operations)
2. A project/program-specific acronym defined in your contract specs (common in federal projects)

If you share the sentence/section where it appears (or whether this is FAR/DFARS/EM385 vs your contract specs), I can answer precisely.",regulation_search,0,,clarify,no,no,no
58,Which FAR clause applies to differing site conditions?,"**Key Requirements:**

- The FAR clause that applies to differing site conditions is **FAR 52.236-2**, titled ""Differing Site Conditions"" (Apr 1984).
- This clause requires the contractor to promptly notify the Contracting Officer in writing of:
  - Subsurface or latent physical conditions at the site that differ materially from those indicated in the contract.
  - Unknown physical conditions at the site, of an unusual nature, that differ materially from those ordinarily encountered and generally recognized as inherent in the work of the character provided for in the contract.
- Upon receiving notice, the Contracting Officer must promptly investigate the site conditions. If the conditions materially differ and affect the cost or time required for performance, an equitable adjustment may be made.

**Applicability:**

- This clause is typically included in construction contracts as prescribed by FAR 36.502.

**Practical Note:**

- Ensure prompt and documented communication with the Contracting Officer if differing site conditions are encountered to facilitate any necessary adjustments. Confirm with your contract and CO for specific applications.",regulation_search,6,0.6613,grounded,no,no,no
59,What FAR clause relates to professional services?,"**Key Requirements:**

- The FAR clause that specifically relates to professional services is FAR 52.237-2, ""Protection of Government Buildings, Equipment, and Vegetation."" This clause is often included in contracts involving professional services to ensure that contractors protect government property during the performance of their work.
- Additionally, FAR 52.237-3, ""Continuity of Services,"" may apply to professional services contracts, particularly those involving essential services that must continue without interruption.
- FAR Part 37, ""Service Contracting,"" provides general guidance on acquiring services, including professional services, and outlines the policies and procedures for service contracts.

**Applicability:**

- These clauses and guidance apply to contracts involving professional services, which can include consulting, engineering, and other specialized services.
- The specific inclusion of these clauses depends on the nature of the services and the requirements of the contract as determined by the Contracting Officer.

**Practical Note:**

- Always review the specific contract and consult with the Contracting Officer to confirm which clauses are applicable to your professional services contract.",regulation_search,7,0.5399,grounded,no,no,no
60,Show me the standard project cost ranges for a government solicitation.,"**Key Requirements:**
- The Federal Acquisition Regulation (FAR) and Defense Federal Acquisition Regulation Supplement (DFARS) do not specify standard project cost ranges for government solicitations. Costs are typically determined based on the specific requirements and scope of each project.
- FAR Part 15.408 provides guidance on cost and pricing data requirements, including the need for detailed cost breakdowns in proposals (FAR 15.408, Table 15-2).
- Cost proposals must include elements such as direct labor, materials, and indirect costs, and must be consistent with the contractor's cost accounting system (FAR 15.408, Table 15-2, Section I).
- The evaluation of costs in proposals involves analysis techniques to ensure fair and reasonable pricing, as outlined in DFARS 215.404-1.

**Applicability:**
- These requirements apply to contractors submitting proposals for government contracts, particularly those requiring certified cost or pricing data.
- The specific cost elements and analysis requirements are relevant for contracts exceeding the threshold for certified cost or pricing data.

**Practical Note:**
- Contractors should ensure their cost proposals are comprehensive and align with the requirements of FAR 15.408, providing clear and detailed cost breakdowns to facilitate government evaluation. Always consult the specific solicitation and your Contracting Officer for detailed requirements.",regulation_search,10,0.4377,copilot,yes,no,no
